-- phpMyAdmin SQL Dump
-- version 4.2.7.1
-- http://www.phpmyadmin.net
--
-- Host: 127.0.0.1
-- Generation Time: Jun 06, 2016 at 03:34 AM
-- Server version: 5.6.20
-- PHP Version: 5.5.15

SET SQL_MODE = "NO_AUTO_VALUE_ON_ZERO";
SET time_zone = "+00:00";


/*!40101 SET @OLD_CHARACTER_SET_CLIENT=@@CHARACTER_SET_CLIENT */;
/*!40101 SET @OLD_CHARACTER_SET_RESULTS=@@CHARACTER_SET_RESULTS */;
/*!40101 SET @OLD_COLLATION_CONNECTION=@@COLLATION_CONNECTION */;
/*!40101 SET NAMES utf8 */;

--
-- Database: `doanphp`
--

-- --------------------------------------------------------

--
-- Table structure for table `books`
--

CREATE TABLE IF NOT EXISTS `books` (
`BOOK_ID` int(10) unsigned NOT NULL,
  `BOOK_NO` int(11) NOT NULL,
  `BOOK_NAME` varchar(100) COLLATE utf8_unicode_ci NOT NULL,
  `BOOK_DESCRIPTION` varchar(3000) COLLATE utf8_unicode_ci NOT NULL,
  `STATUS` varchar(1000) COLLATE utf8_unicode_ci NOT NULL,
  `CATEGORY_ID` int(11) NOT NULL,
  `BOOK_IMAGE` varchar(100) COLLATE utf8_unicode_ci NOT NULL,
  `BOOK_IMAGE_1` varchar(100) COLLATE utf8_unicode_ci NOT NULL,
  `BOOK_IMAGE_2` varchar(100) COLLATE utf8_unicode_ci NOT NULL,
  `BOOK_IMAGE_3` varchar(100) COLLATE utf8_unicode_ci NOT NULL,
  `CURRENCY` varchar(5) COLLATE utf8_unicode_ci NOT NULL,
  `BOOK_COST` int(11) NOT NULL,
  `DATE` datetime NOT NULL
) ENGINE=InnoDB  DEFAULT CHARSET=utf8 COLLATE=utf8_unicode_ci AUTO_INCREMENT=156 ;

--
-- Dumping data for table `books`
--

INSERT INTO `books` (`BOOK_ID`, `BOOK_NO`, `BOOK_NAME`, `BOOK_DESCRIPTION`, `STATUS`, `CATEGORY_ID`, `BOOK_IMAGE`, `BOOK_IMAGE_1`, `BOOK_IMAGE_2`, `BOOK_IMAGE_3`, `CURRENCY`, `BOOK_COST`, `DATE`) VALUES
(2, 2, 'Bác học nhí', ' Kiến tuy bé nhỏ vậy mà lại thắng trong cuộc chiến với những chú voi to lớn khổng lồ. Từ đó, các chú voi luôn rất sợ kiến. Kiến có mẹo gì vậy? Các bé cũng xem truyện để biết nhé!\r\n', 'Hot', 1, 'bachocnhi.jpg', '', '', '', 'vnđ', 15000, 0x323031362d30352d32342030303a30303a3030),
(3, 3, 'Bài ca của cây', 'Câu chuyện kể về cuộc sống của một cậu bé trong rừng !', 'normal', 1, 'baicacuacay.jpg', '', '', '', 'vnđ', 23000, 0x323031362d30352d32342030303a30303a3030),
(4, 4, 'Cú có đôi mắt to tròn', 'Ngày nay, ta thấy những con cú đều có đôi mắt rất to và tròn. Bé có tin không, ngày xửa ngày xưa, chỉ vì một cuộc thách đố, mà đôi mắt loài cú trở nên to tròn như vậy đấy. Cuộc thách đố đó thế nào? Các bé cũng xem truyện để biết nhé!\r\n', 'normal', 1, 'cucon.jpg', '', '', '', 'vnđ', 10000, 0x323031362d30352d31382030303a30303a3030),
(5, 5, 'Chim công đảm đang', 'Rất nhiều các bạn nhỏ đều trả qua thời kỳ rất ưa đỏm dáng, đây chính là bước khởi đầu hình thành nên quan niệm thẩm mỹ. Các bậc cha mẹ không nên lo lắng, mà phải quan tâm, hướng dẫn cho trẻ nhỏ đi đúng hướng! ', 'normal', 1, 'chimcong.jpg', '', '', '', 'vnđ', 20000, 0x323031362d30352d32342030303a30303a3030),
(6, 6, 'Tô màu giáng sinh', '', 'normal', 1, 'tomaugiagsinh.jpg', '', '', '', 'vnđ', 30000, 0x323031362d30352d32342030303a30303a3030),
(7, 7, 'Thơ hay cho bé mầm non', 'Tuyển tập những bài thơ giành cho các bé mầm non.', 'normal', 1, 'thohay.jpg', '', '', '', 'vnđ', 50000, 0x323031362d30352d32342030303a30303a3030),
(8, 8, 'Voi sợ kiến', ' Kiến tuy bé nhỏ vậy mà lại thắng trong cuộc chiến với những chú voi to lớn khổng lồ. Từ đó, các chú voi luôn rất sợ kiến. Kiến có mẹo gì vậy? Các bé cũng xem truyện để biết nhé!', 'normal', 1, 'voisokien.jpg', '', '', '', 'vnđ', 23000, 0x323031362d30352d32342030303a30303a3030),
(9, 9, 'Sư tử con và Hổ con', 'Trễn thế giới này có cha mẹ nào không muốn con mình trở nên tài giỏi? Hổ mẹ trong câu chuyện này cũng luôn mong Hổ con thành tài... \r\n', 'normal', 1, 'sutu.jpg', '', '', '', 'vnđ', 12000, 0x323031362d30352d32342030303a30303a3030),
(10, 10, 'Cây tre trăm đốt', 'Ngày xưa có một chàng trai hiền lành, khỏe mạnh (tên là Khoai) đi cày thuê cho vợ chồng ông phú hộ. Hai người này có hứa: "Con chịu khó làm lụng giúp ta, ba năm nữa ta sẽ gả con gái ta cho". Tin vào lời hứa, anh ra sức làm việc không ngại khó nhọc. Nhưng ba năm sau, khi mà ông nhà giàu đã có mọi thứ của cải, ông bèn trở mặt, ông đưa ra một điều kiện là phải tìm được một cây tre trăm đốt để làm nhà cưới vợ thì ông mới gả con gái cho', 'normal', 2, 'caytre.jpg', '', '', '', 'vnđ', 32000, 0x323031362d30352d31302030303a30303a3030),
(11, 11, 'Sự tích chú cuội và cung trăng', 'Mời các bạn theo dõi cốt truyện !', 'normal', 2, 'chucuoi.jpg', '', '', '', 'vnđ', 17000, 0x323031362d30352d32362030303a30303a3030),
(12, 12, 'Sự tích dưa hấu', 'Nhiều năm về trước, vào thời Hùng Vương, đất nước ta rất trù phú và rộng lớn với những ngọn núi cao tới 9 tầng mây, những con sông rộng mênh mông và những khu rừng bạt ngàn với rất nhiều các loài cây và muông thú.\r\n\r\n  Ở thời đó ruộng đồng vẫn còn rất thưa thớt và các loại cây cho trái ngon, quả ngọt chưa được phong phú như thời bây giờ vì mọi người vẫn chưa khám phá ra hết để mang về trồng....', 'normal', 2, 'duahau.jpg', '', '', '', 'vnđ', 40000, 0x323031362d30352d30362030303a30303a3030),
(13, 13, 'Sự tích sọ dừa', 'Hãy Đón Xem Bộ Truyện Mới Nha Các Bạn', 'normal', 2, 'sodua.jpg', '', '', '', 'vnđ', 26000, 0x323031362d30352d31322030303a30303a3030),
(14, 14, 'Tấm cám', 'Tấm Cám là một câu chuyện cổ tích Việt Nam thuộc thể loại truyện cổ tích thần kì, phản ánh những mâu thuẫn trong gia đình, cuộc đấu tranh giữa cái thiện và cái ác, cùng ước mơ cái thiện thắng cái ác của người Việt Nam.', 'normal', 2, 'tamcam.jpg', '', '', '', 'vnđ', 27000, 0x323031362d30352d32362030303a30303a3030),
(15, 15, 'Thạch sanh', 'Thạch Sanh mồ côi sớm, làm nghề đốn củi, sống một mình trong một túp lều dưới gốc đa. Có một người làm nghề nấu rượu tên là Lý Thông đến kết nghĩa anh em với Thạch Sanh. Trong vùng có một con Chằn tinh (hay Trăn tinh) thường bắt người ăn thịt, nên dân lập miếu thờ và hàng năm phải nộp cho nó một mạng người, mới được yên ổn làm ăn.', 'normal', 2, 'thachsanh.jpg', '', '', '', 'vnđ', 29000, 0x323031362d30352d31382030303a30303a3030),
(16, 16, 'Văn học Việt Nam sau năm 1975', '', 'normal', 3, '1975.jpg', '', '', '', 'vnđ', 115000, 0x323031362d30352d31392030303a30303a3030),
(17, 17, 'Mùa lá rụng trong vườn', '  Mùa lá rụng trong vườn là một tiểu thuyết của nhà văn Ma Văn Kháng, hoàn thành vào tháng 12 năm 1982 và được xuất bản lần đầu vào năm 1985.\r\n   Lấy bối cảnh một gia đình truyền thống vào những năm 80 của thế kỉ XX, khi đất nước bắt đầu có những bước chuyển mình mạnh mẽ sau chiến tranh, gây ra nhiều thay đổi tốt có, xấu có; truyện đã phản ánh chân thực những biến động trong xã hội thời bấy giờ và những ảnh hưởng to lớn của nó tới gia đình - tế bào của xã hội.\r\nTruyện đã giành giải thưởng loại B của Hội Nhà văn Việt Nam năm 1986.', 'normal', 3, 'muala.jpg', '', '', '', 'vnđ', 215000, 0x323031362d30352d31312030303a30303a3030),
(19, 19, 'Tuyển tập văn học dân gian VN', 'Những năm gần đây, do nhu cầu sử dụng và tra cứu, người ta thường hướng tới việc làm các bộ sách Tuyển tập, Tổng tập như Tuyển tập về các tác giả, các giai đoạn, các thể loại văn học hoặc Tổng tập Văn học Việt Nam từ thế kỉ X đến 1945 (gồm 37 tập, 53 quyển của Nhà xuất bản Khoa học xã hội), v.v...\r\n\r\nBộ Tuyển tập Văn học dân gian Việt Nam này hình thành do nhu cầu đó và trong hoàn cảnh đó. Có thể xem đây là bước khởi đầu để tiến tới một bộ Tổng tập Văn học dân gian tương xứng với Tổng tập văn học viết trước hết đáp ứng kịp thời các nhu cầu học tập và giảng dạy trong  nhà trường.\r\n\r\nTuyển tập Văn học dân gian Việt Nam được cấu tạo thành 5 tập, 7 quyển...', 'normal', 3, 'tuyentap.jpg', '', '', '', 'vnđ', 215000, 0x323031362d30352d32352030303a30303a3030),
(20, 20, 'Văn học Miền Nam Lục Tỉnh', 'Là công trình khảo cứu văn học của tác giả Nguyễn Văn Hầu giới thiệu văn học miền Nam Nam lục tỉnh gồm 3 tập: Miền Nam và văn học dân gian địa phương; Văn học Hán Nôm thời khai mở và xây dựng đất mới; Văn học Hán Nôm thời kháng Pháp và thuộc Pháp...', 'normal', 3, 'vanhoc.jpg', '', '', '', 'vnđ', 216000, 0x323031362d30352d32352030303a30303a3030),
(21, 21, 'Văn học dân gian', 'Dân Gian Việt Nam', 'normal', 3, 'vhdangian.jpg', '', '', '', 'vnđ', 275000, 0x323031362d30352d31312030303a30303a3030),
(25, 25, 'Quản Trị Tài Chính doanh nghiệp', 'Cuốn sách sẽ từng bước dẫn dắt bạn xây dựng và duy trì kinh doanh trong sự nghiệp kinh doanh tiêu thụ thành công của chính bạn. v.v...\r\nCuốn sách dựa vào kinh nghiệm lâu năm của những người đã thành công trong việc kinh doanh tiêu thụ qua mạng, dùng phương thức đi sâu nhưng dễ hiểu để giới thiệu các nội dung có liên quan. Họ cũng từng là những người mới bắt đầu, do đó họ biết được cách làm thế nào cho có hiệu quả, cách làm thế nào là không được.\r\nv.v...\r\nXin trân trọng giới thiệu cuốn sách cùng bạn đọc.', 'normal', 16, 'taichinh.jpg', '', '', '', 'vnđ', 326000, 0x323031362d30352d31312030303a30303a3030),
(28, 28, 'Marketing căn bản', 'Toàn bộ về marketing căn bản\r\n', 'normal', 6, 'canban.jpg', '', '', '', 'vnđ', 97600, 0x323031362d30352d32362030303a30303a3030),
(29, 29, 'Marketing Công Nghiệp', 'Cuốn sách sẽ từng bước dẫn dắt bạn xây dựng và duy trì kinh doanh trong sự nghiệp kinh doanh tiêu thụ thành công của chính bạn. v.v...\r\nCuốn sách dựa vào kinh nghiệm lâu năm của những người đã thành công trong việc kinh doanh tiêu thụ qua mạng, dùng phương thức đi sâu nhưng dễ hiểu để giới thiệu các nội dung có liên quan. Họ cũng từng là những người mới bắt đầu, do đó họ biết được cách làm thế nào cho có hiệu quả, cách làm thế nào là không được.\r\nv.v...\r\nXin trân trọng giới thiệu cuốn sách cùng bạn đọc.', 'normal', 6, 'congnghiep.jpg', '', '', '', 'vnđ', 320000, 0x323031362d30352d32352030303a30303a3030),
(30, 30, 'Chiến lược Marketing', 'Cuốn sách sẽ từng bước dẫn dắt bạn xây dựng và duy trì kinh doanh trong sự nghiệp kinh doanh tiêu thụ thành công của chính bạn. v.v...\r\nCuốn sách dựa vào kinh nghiệm lâu năm của những người đã thành công trong việc kinh doanh tiêu thụ qua mạng, dùng phương thức đi sâu nhưng dễ hiểu để giới thiệu các nội dung có liên quan. Họ cũng từng là những người mới bắt đầu, do đó họ biết được cách làm thế nào cho có hiệu quả, cách làm thế nào là không được.\r\nv.v...\r\nXin trân trọng giới thiệu cuốn sách cùng bạn đọc.', 'normal', 6, 'chienluoc.jpg', '', '', '', 'vnđ', 250000, 0x323031362d30352d31312030303a30303a3030),
(31, 31, 'Marketing qua Email', 'Cuốn sách sẽ từng bước dẫn dắt bạn xây dựng và duy trì kinh doanh trong sự nghiệp kinh doanh tiêu thụ thành công của chính bạn. v.v...\r\nCuốn sách dựa vào kinh nghiệm lâu năm của những người đã thành công trong việc kinh doanh tiêu thụ qua mạng, dùng phương thức đi sâu nhưng dễ hiểu để giới thiệu các nội dung có liên quan. Họ cũng từng là những người mới bắt đầu, do đó họ biết được cách làm thế nào cho có hiệu quả, cách làm thế nào là không được.\r\nv.v...\r\nXin trân trọng giới thiệu cuốn sách cùng bạn đọc.', 'normal', 6, 'mail.jpg', '', '', '', 'vnđ', 230000, 0x323031362d30352d32352030303a30303a3030),
(32, 32, 'Quản trị Marketing', 'Cuốn sách sẽ từng bước dẫn dắt bạn xây dựng và duy trì kinh doanh trong sự nghiệp kinh doanh tiêu thụ thành công của chính bạn. v.v...\r\nCuốn sách dựa vào kinh nghiệm lâu năm của những người đã thành công trong việc kinh doanh tiêu thụ qua mạng, dùng phương thức đi sâu nhưng dễ hiểu để giới thiệu các nội dung có liên quan. Họ cũng từng là những người mới bắt đầu, do đó họ biết được cách làm thế nào cho có hiệu quả, cách làm thế nào là không được.\r\nv.v...\r\nXin trân trọng giới thiệu cuốn sách cùng bạn đọc.', 'normal', 6, 'quantri.jpg', '', '', '', 'vnđ', 23000, 0x323031362d30352d32372030303a30303a3030),
(34, 34, 'Nghề làm phi', 'Xuyên không thành một phi tần nho nhỏ đã mất thánh sủng, Trang Lạc Yên tâm tâm niệm niệm sẽ hoàn thành tốt nghề nghiệp mới của mình – nghề làm phi – một nghề nghiệp vô cùng rủi ro, không thể từ chức, một là làm tốt, hai là chết. Một nghề nghiệp luôn phải phấn đấu vươn lên không ngừng, nhưng lại không được phép để con tim mình rung động. Bởi lỡ rung động rồi, là vạn kiếp không thể quay đầu…\r\nSuy cho cùng, đã là nữ tử thì sẽ có một ngày già đi, lấy sắc tranh tình nhất định sẽ phải nhận kết cục sắc suy tình bạc, bởi Đế vương đa tình, hồng nhan chóng lụi, vậy thì nàng sẽ dùng lí trí này để thuần phục trái tim Đế vương.\r\nVẫn biết vận mệnh vô thường, Đế vương vô tình, nhưng Trang Lạc Yên nàng không sợ, bởi, trái tim trong lồng ngực nàng, mãi mãi chỉ thuộc về nàng mà thôi!', 'New', 18, 'nghelamphi.jpg', '', '', '', 'vnđ', 89000, 0x323031362d30352d33302031373a30303a3030),
(35, 35, 'Công chúa mặt trăng', 'Nếu bạn đã yêu Cinder - một câu chuyện Cinderella được hiện đại hóa và được "nâng cấp" bằng yếu tố khoa học viễn tưởng, thì bạn chắc chắn sẽ vô cùng thích thú với phần tiếp theo: Scarlet – một câu chuyện cũng độc đáo, cũng cuốn hút, và cũng khiến tim bạn đập nhanh như vậy.\r\nCinder, cô thợ máy cyborg tuổi teen, đang ở trong tù và mới biết rằng mình chính là Công chúa Mặt Trăng Selene - người mà hầu hết mọi người đều tin rằng đã chế', 'New', 18, 'scarlet.jpg', '', '', '', 'vnđ', 89000, 0x323031362d30352d33302031363a30303a3030),
(36, 36, 'Công chúa Winter', 'Công chúa Winter được những người dân Mặt Trăng ngưỡng mộ vì dáng vẻ yêu kiều và lòng nhân ái của mình, và bất chấp những vết sẹo xấu xí trên mặt, vẻ đẹp của cô luôn được đánh giá là còn kiều diễm hơn cả bà mẹ kế, Nữ hoàng Levana. \r\nWinter căm ghét bà mẹ kế của mình và cô hiểu rằng Nữ hoàng Levana sẽ không bao giờ ủng hộ tình cảm của cô dành cho người bạn thời thơ ấu - chàng cận vệ điển trai Jacin. Nhưng Winter không yếu đuối như Nữ hoàng Levana tưởng và cô vẫn luôn âm thầm chống đối bà ta trong nhiều năm. Cùng với cô gái cyborg - Cinder và nhóm bạn của cô, Winter hy vọng có thể làm nên một cuộc cách mạng và chấm dứt cuộc chiến tranh đã kéo dài trong suốt nhiều thập kỷ.\r\nLiệu Cinder (Lọ Lem), Scarlet (Khăn đỏ), Cress (Tóc mây) và Winter (Bạch tuyết) có thể đánh bại Nữ hoàng Levana và sống hạnh phúc mãi mãi bên người mình yêu hay không? Hãy đón đọc tập 4.1 và tập 4.2 - Winter (Bạch Tuyết), cũng là hai tập cuối cùng của bộ truyện Công chúa Mặt Trăng. \r\n', 'New', 18, 'winter.jpg', '', '', '', 'vnđ', 101000, 0x323031362d30352d33302031363a30303a3030),
(37, 37, 'Công chúa mặt trăng (Tóc mây)', 'Hy vọng lớn nhất của Cinder và những người đồng hành chính là Cress - người đã bị kẹt trong một vệ tinh từ khi còn nhỏ, và ở bên cạnh cô chỉ là những màn hình điện tử. Nhưng chừng đó thời gian ở giữa những màn hình điện tử lại khiến cho Cress trở thành một hacker siêu hạng. Thật không may, cô mới nhận được lệnh từ Levana là phải tìm cho ra tung tích của Cinder. Cress, Scarlet và Cinder có thể không dự định cứu cả thế giới, nhưng họ lại có thể là những người duy nhất có thể làm việc đó…', 'New', 18, 'cress.jpg', '', '', '', 'vnđ', 78000, 0x323031362d30352d33302031343a30303a3030),
(38, 38, 'Into The Woods', 'Into The Wood: Thế giới huyền ảo của những điều ước và lời nguyền', 'normal', 18, 'litter.jpg', '', '', '', 'vnđ', 90000, 0x323031362d30352d32362030303a30303a3030),
(39, 39, 'Thỏ Bi Li', 'Câu truyện kể về cuộc phiêu lưu của chú Thỏ trên đường đi tìm bạn thân của mình.', 'New', 1, 'thobili.jpg', '', '', '', 'vnđ', 15000, 0x323031362d30352d32362030303a30303a3030),
(40, 40, 'Truyền thuyết về vua mặt trời', 'Mỗi tập truyện là một cuộc phưu lưu khám phá những chân trời mới lạ. Hãy để trí tưởng tượng của bạn bay bổng cùng nhóm bạn Doraemon, Nobita, Shizuka, Jaian, Suneo đến các vùng đất xa xôi, kì bí và cảm nhận những khoảnh khắc tình bạn tươi đẹp của cuộc đời!\r\n', 'Hot', 1, 'doremon.jpg', '', '', '', 'vnđ', 23000, 0x323031362d30352d32362030303a30303a3030),
(44, 44, '100 Ý Tưởng Bán Hàng', '', 'normal', 16, '100.jpg', '', '', '', 'vnđ', 203000, 0x323031362d30352d33312031393a30303a3030),
(45, 45, 'Khách Hàng Là Số 1', 'Khách Hàng Là Số 1 - Bí Quyết Tạo Cơn Sốt Bán Hàng\r\n    Dịch vụ khách hàng luôn là một trong những vấn đề cấp thiết đối với các giám đốc kinh doanh, cũng như những người hoạt động trong lĩnh vực dịch vụ và bán hàng, đặc biệt là ở cấp độ bán lẻ.\r\n\r\n    Trong cuốn Khách hàng là số 1, tác giả đã đề cập đến những điểm cơ bản trong dịch vụ khách hàng như xây dựng một tổ chức lấy con người làm trung tâm, lấy hiệu quả làm động lực, và luôn đặt quyền lợi của khách hàng lên cao nhất. Với những quan sát tinh tường dựa trên kinh nghiệm thực tiễn của Yum!, công ty nhà hàng lớn nhất thế giới, cuốn sách đã tập trung vào bốn bước quyết định:\r\n\r\n    Hướng đến mục tiêu đúng: Lợi nhuận sẽ tăng trưởng khi bạn biết quan tâm khách hàng và tạo ra cho nhân viên môi trường làm việc có động lực.\r\n\r\n    Đối xử với khách hàng đúng cách: Hãy xác định bạn mong muốn đem lại cho khách hàng những trải nghiệm gì khi họ tương tác với từng bộ phận trong công ty.\r\n\r\n    Đối xử với nhân viên đúng cách: Sử dụng các chiến lược thông minh, từ việc tuyển chọn, huấn luyện và phát triển nhân viên, cho đến quản lý hiệu quả công việc và tạo nên một văn hóa ghi nhận thành tích.\r\n\r\n    Xây dựng phương thức lãnh đạo đúng: Bạn không thể tự mình làm tất cả. Hãy để nhân viên dùng trí tuệ của họ tham gia vào công việc giúp bạn, và trách nhiệm của bạn là luôn hỗ trợ họ.Khi làm theo những bước trên, bạn hoàn toàn có thể xây dựng một đội ngũ nhân viên tâm huyết, gắn bó để đóng góp vào thành công chung của công ty.\r\n', 'New', 16, 'so1.jpg', '', '', '', 'vnđ', 62000, 0x323031362d30352d32362030303a30303a3030),
(46, 46, 'Bán Hàng Bậc Cao', 'Triết lý chứa đựng trong cuốn sách Nghệ Thuật Bán Hàng Bậc Cao thật đơn giản: “bạn có thể có được những tất cả mọi thứ trong cuộc sống nếu bạn biết giúp người khác đạt được điều họ muốn”, thậm chí còn đúng đắn và cần thiết hơn trong cuộc sống hiện nay so với thời kỳ khi cuốn Nghệ Thuật Bán Hàng Bậc Cao được xuất bản lần đầu. Mục tiêu cuả một thương vụ là đảm bảo khách hàng nhận được giá trị tương xứng, nhưng nếu bạn mang đến cho khách hàng những giá trị còn cao hơn giá trị mà lẽ ra họ sẽ nhận được thì không những bạn đã có một thương vụ thành công mà bạn còn có thêm một khách hàng sẵn lòng giúp bạn có thêm nhiều khách hàng khác nữa.\r\n\r\nTrong cuốn sách kinh doanh này, bạn sẽ có cơ hội làm quen với nhiều người bán hàng sẵn sàng từ bỏ một thương vụ bởi họ biết rằng thương vụ đó không mang lại lợi ích tốt nhất cho khách hàng của mình. Khi đó, bán hàng trở nên giống như thi đấu thể thao, nhà vô địch quần vợt phải biết đánh bóng sao cho anh ta có thể đánh cú tiếp theo hiệu quả hơn, hay các tay gôn kỳ cựu cũng vậy. Nếu nhân viên bán hàng không quan tâm đến việc xây dựng và duy trì mối quan hệ tốt đẹp với khách hàng mà chỉ chăm chăm kiếm tiền từ túi người khác thì đảm bảo rằng họ sẽ nhanh chóng bị đào thải khỏi nghề này.', 'normal', 16, 'banhang.jpg', '', '', '', 'vnđ', 78000, 0x323031362d30352d32362030303a30303a3030),
(47, 47, 'Nghệ thuật chinh phục khách hàng', ' Rất nhiều giám đốc dịch vụ khách hàng sau khi đọc xong quyển sách này đã biến công ty của mình thành một tổ chức “thân thiện với lời phàn nàn” và đã trở thành một trong những công ty có khả năng cung cấp dịch vụ khách hàng tuyệt hảo. Đây không phải là một con đường dễ dàng, và cũng không xảy ra chỉ sau một đêm mà nó là cả một quá trình diễn ra từng bước một. Việc đọc cuốn sách này là một trong những bước đi đầu tiên tốt nhất mà bạn có thể thực hiện ngay.\r\n\r\n \r\n\r\nTheo các tác giả, để sản phẩm - dịch vụ của bạn luôn được khách hàng tin tưởng chọn lựa đầu tiên trong các sản phẩm cùng loại thì cách tốt nhất để đạt được mục tiêu này là xây dựng một văn hóa công ty lấy khách hàng làm trọng tâm. Khi doanh nghiệp xây dựng thành công nền văn hóa đó thì hầu hết những điều kiện cần thiết khác để cung cấp dịch vụ hoàn hảo cho khách hàng sẽ tự động xuất hiện.\r\n\r\n \r\n\r\n\r\nRất nhiều giám đốc dịch vụ khách hàng sau khi đọc xong quyển sách này đã biến công ty của mình thành một tổ chức “thân thiện với lời phàn nàn” và đã trở thành một trong những công ty có khả năng cung cấp dịch vụ khách hàng tuyệt hảo. Đây không phải là một con đường dễ dàng, và cũng không xảy ra chỉ sau một đêm mà nó là cả một quá trình diễn ra từng bước một. Việc đọc cuốn sách này là một trong những bước đi đầu tiên tốt nhất mà bạn có thể thực hiện ngay.', 'normal', 16, 'chinhphuc.jpg', '', '', '', 'vnđ', 72000, 0x323031362d30352d32352030303a30303a3030),
(48, 48, 'Quản trị học vui vẽ', '"Và khi đã đi làm rất lâu rồi, trải qua rất nhiều va chạm rồi, vượt qua rất nhiều khó khăn và giải quyết rất nhiều xung đột giữa các mối quan hệ rồi, thì rất nhiều khi bạn lại tiếp tục... rối.\r\n\r\nLý do là cuộc sống quá phức tạp và đa diện, còn các bài học từ sách vở lại quá giản đơn, cho dù bạn đã phải rất vất vả để vượt qua các bài thi không hề dễ chịu\r\n\r\nHơn thế nữa, cứ nhắc đến quản trị là tự dưng chúng ta thấy... nhức đầu, như một phản xạ có điều kiện. Cứ nhìn những người làm công tác quản lý loay hoay với công việc của họ mà thấy sợ, lúc nào cũng tất bật, lúc nào cũng cau có, lúc nào cũng sẵn sàng nổ tung. Lắm khi chúng ta băn khoăn, không lẽ cuộc đời lại vất vả đến thế sao?!"', 'New', 16, 'quantrihocvuive.jpg', '', '', '', 'VNĐ', 55200, 0x323031362d30352d33302031363a31303a3135),
(49, 49, 'Kế toán tài chính song ngữ ', 'Sách kế toán tài chính song ngữ Anh Việt Financial Accounting có sự so sánh kế toán từng tài khoản, báo cáo giữa VAS vời IFRS và các quy định cũ. Do vậy bạn đọc hiếu tốt hơn bàn chắt kế toán Việt Nam, có thế áp dụng IFRS cho các công ty nước ngoài. đặc biệt Financial Accounting 2015 so sánh TT 200/2014/TT-BTC với các quy định cũ, để dễ học và chuyến đổi nhanh. sách kế toán tài chính trần xuân năm 2015 Financial Accounting theo thông tư 200 bộ tài chính.\r\n  Sách kế toán tài chính Financial Accounting TT 2000/2014/TT-BTC mới nhất Trình bày các thực tế kể toán tốt nhất mà nó được áp dụng rộng rãi và hiệu quả tại các công ty đa quốc gia và các công ty thành công ở Việt Nam mà VAS chưa đề cập. Do vậy bạn đọc có thế áp dụng các thực tế kế toán tốt nhất mà luật pháp cho phép.', 'normal', 4, 'ketoansongngu.jpg', '', '', '', 'VNĐ', 750000, 0x323031362d30352d33302031373a30393a3030),
(50, 50, 'Tôi thấy hoa vàng trên cỏ xanh', 'Con Mận là con gái, nửa đêm tự nhiên chạy ra ngủ chung với tôi, chắc nó ngượng lắm. Mặc tôi huyên thuyên, nó không nói gì. Tôi tính ba hoa thêm vài câu nữa nhưng thấy nó ngó lơ chỗ khác, liền nín thinh.\r\n\r\nBữa đó, trước khi dỗ giấc tôi vẫn kịp nhìn thấy con Mận chèn cái gối ở giữa tôi và nó. Con Mận chèn cái gối ở giữa hai đứa ý là để làm rào chắn. Nó sợ nửa khuya ngủ quên, nó lăn qua phía tôi hoặc tôi lăn qua phía nó. Như vậy thì xấu hổ chết được!\r\n\r\nNhưng cái rào của con Mận chẳng chắn được gì. Sáng ra, tôi mở mắt thấy nó đang quàng tay ôm cả tôi lẫn chiếc gối. Nó vẫn còn ngủ, hơi thở êm đềm thổi phơ phất những sợi tóc vướng ngang gò má hồng hồng.\r\n\r\nTôi nhìn đôi mắt nhắm nghiền của nó, thấy vẫn còn vài giọt lệ chưa khô còn hoen trên má. Chắc hôm qua, nó khóc suốt đêm.....', 'normal', 3, 'hoavangcoxanh.jpg', 'biasach2.jpg', '', '', 'VNĐ', 82000, 0x323031362d30352d33312031313a30303a3030),
(51, 51, 'Con chó nhỏ mang giỏ hoa hồng', '“Con chó nhỏ mang giỏ hoa hồng” bao gồm 5 chương với 86 câu chuyện thú vị, hài hước về 5 chú chó thuộc 5 loài chó khác nhau. Các câu chuyện giữa các chú chó, giữa chúng với các thành viên trong nhà, với hàng xóm, khách đến nhà, khách qua đường tái hiện thế giới một cách sống động như cuộc sống của chính con người với đầy đủ tình bạn, tình yêu, đam mê, sợ hãi, ước mơ, có cả giận hờn, ghen tị…', 'normal', 3, 'chonho.jpg', '', '', '', 'vnđ', 80000, 0x323031362d30352d33312030373a30303a3030),
(52, 52, 'Chí Phèo', 'CHÍ PHÈO tập truyện ngắn tái hiện bức tranh chân thực nông thôn Việt Nam trước 1945, nghèo đói, xơ xác trên con đường phá sản, bần cùng, hết sức thê thảm, người nông dân bị đẩy vào con đường tha hóa, lưu manh hóa. Nam Cao không hề bôi nhọ người nông dân, trái lại nhà văn đi sâu vào nội tâm nhân vật để khẳng định nhân phẩm và bản chất lương thiện ngay cả khi bị vùi dập, cướp mất cà nhân hình, nhân tính của người nông dân, đồng thời kết án đanh thép cái xã hội tàn bạo đó trước 1945.', 'normal', 3, 'chipheo.jpg', '', '', '', 'VNĐ', 36000, 0x323031362d30352d33312031333a30303a3030),
(53, 53, 'Đời thừa', 'ĐỜI THỪA của Nam Cao xoay quanh cuộc sống người trí thức, với những tuyên ngôn để đời của nhà văn Nam Cao về văn chương, nghệ thuật.\r\n\r\nQua sáng tác của mình, Nam Cao thể hiện quan điểm nghệ thuật rằng, một tác phẩm văn học phải vượt lên trên tất cả các bờ cõi và giới hạn, phải là một tác phẩm chung cho cả loài người. “Nó phải chứa đựng được một cái gì lớn lao, mạnh mẽ, vừa đau đớn, lại vừa phấn khởi; ca tụng tình yêu, bác ái, công bằng” và "Văn chương không cần đến sự khéo tay, làm theo một cái khuôn mẫu. Văn chương chỉ dung nạp những người biết đào sâu, biết tìm tòi, khơi những nguồn chưa ai khơi và sáng tạo ra cái gì chưa có". Ông đòi hỏi nhà văn phải có lương tâm, có nhân cách xứng với nghề; và cho rằng sự cẩu thả trong văn chương chẳng những là bất lương mà còn là đê tiện. ', 'normal', 3, 'doithua.jpg', '', '', '', 'VNĐ', 27900, 0x323031362d30352d33312030383a30303a3030),
(54, 54, 'Tuyển tập Nao Cao', 'Nhà văn Nam Cao tên thật là Trần Hữu Trí, sinh năm 1917. Quê quán làng Đại Hoàng, phủ Lý Nhân, tỉnh Hà Nam. Năm 1951, ông tham gia đoàn công tác thuế nông nghiệp ở Khu 3, bị phục kích và hy sinh tại Hoàng Đan, Ninh Bình ngày 30.11.1951. ông là tác giả của nhiều tác phẩm, như: Đôi lứa xứng đôi, Nửa đêm, Đôi mắt, Sống mòn, Lão Hạc,...\r\n\r\nNhà văn Nguyễn Đình Thi đã viết về ông và tác phẩm của ông như sau: “Trong những tâm hồn chất phác, bị nghèo khổ làm cho mụ mị cằn cỗi, ngay trong một con người u mê cục súc như Chí Phèo, Nam Cao tìm ra những rung động trong sáng của tình yêu, của niềm khát khao được sống cho ra người, những rung động ấy đột ngột hé lên từng lúc rồi lại bị đời sống vùi dập. Đó là chất thơ quý báu nhất, cảm động nhất trong các truyện tả thực của anh. Đó cũng là cái làm chúng ta càng cảm thấy thấm thía sự tàn bạo của chế độ cũ.\r\n\r\nNam Cao chưa hiểu sức mạnh bị cùm trói của những con người cùng khổ nhưng chính những ánh ý thức đó làm cho truyện của anh không đen tối, tuyệt vọng và vượt qua cả ý định của người viết mà hứa hẹn một sự thay đổi tương lai như một ánh bình minh còn xa mờ”.   ', 'normal', 3, 'tuyetapnamcao.jpg', '', '', '', 'vnđ', 104000, 0x323031362d30352d33312031313a30303a3030),
(55, 55, 'Nam Cao Sự nghiệp và chân dung', 'Cuốn sách tập hợp các công trình nghiên cứu của GS. Phong Lê và đồng nghiệp về cuộc đời và sự nghiệp nhà văn Nam Cao. Các bài viết tập trung đi sâu vào việc tìm tòi, phân tích và gợi mở những cái hay, cái đẹp và sự riêng biệt nổi bật lên trong các tác phẩm của Nam Cao, đặc biệt là sự thành công ở thể loại truyện ngắn. Mỗi bài viết là một nét vẽ, tuy rất riêng nhưng vẫn hòa điệu tạo nên bức tranh toàn diện và sinh động nhất về chân dung một nhà văn lớn. Cuốn sách còn có danh mục cuộc đời và các tác phẩm trong suốt sự nghiệp Nam Cao, để những người nghiên cứu, yêu mến tìm hiểu dễ dàng tra cứu và nhận biết một cách chính xác các tư liệu về tác giả, tác phẩm.', 'normal', 3, 'namcao.jpg', '', '', '', 'VNĐ', 80000, 0x323031362d30352d33302030373a30303a3030),
(56, 56, 'Dế mèn phiêu lưu ký', 'Dế mèn phiêu lưu ký là truyện dài của nhà văn Tô Hoài kể về cuộc phiêu lưu của chú Dế Mèn cùng các bạn bè. Trên đường đi, họ đã gặp phải nhiều khó khăn nguy hiểm, nhưng những gian nan đã cho họ nhiều bài học quý giá, và thắt chặt tình bạn của họ. Ngoài việc khuyến khích những người trẻ tuổi dám mơ ước, dám hành động, truyện còn là khát vọng hoà bình giữa các loài, là mong ước anh em bốn bể có thể cùng chung sống hoà thuận, để thế giới không còn cảnh xung đột, thù ghét.\r\n\r\nTruyện đã được dịch ra nhiều thứ tiếng khác nhau trên thế giới. Phiên bản tiếng Anh này do dịch giả Đặng Thế Bính chuyển ngữ, minh họa của họa sĩ Tạ Huy Long...', 'normal', 3, 'demen.jpg', '', '', '', 'vnđ', 120000, 0x323031362d30352d33312030383a30303a3030),
(57, 57, 'Quê nhà', 'Quê Nhà là bức tranh tái hiện lại cuộc chiến đấu anh dũng của những anh hùng vô danh, những người mà trước đó tay chỉ quen với việc cấy việc cày việc nhà việc cửa nay lại dũng cảm đứng lên giương cờ nghĩa trong những năm đầu khi thực dân Pháp xâm lược.\r\n\r\nDường như với bất kỳ tác phẩm nào của mình đã xuất bản, nhà văn cũng luôn cẩn trọng đọc lại và chỉnh sửa những chi tiết chưa hài lòng. Như chính lời con trai của Cụ, nhà báo Nguyễn Phương Vũ, chia sẻ: “Đã từ lâu từ khi cầm bút bố tôi là người cẩn thận và luôn có trách nhiệm với câu chữ nên mỗi bản in dù là in lại nhưng ông luôn đọc, cắt gọt, chỉnh sửa, “uốn nắn”, tỉ mẩn như người dệt vải. Khi ông trao lại cho tôi để xử lý nhập liệu với một bản thảo chi chít màu mực, chữ, từ, câu mà ông thêm bớt đan xen ngang dọc. Cha tôi là vậy, sự cẩn trọng, kỹ lưỡng trong nghề viết như mối nợ tình với ông.”..', 'normal', 3, 'quenha.jpg', '', '', '', 'VNĐ', 103000, 0x323031362d30352d33312031353a30303a3030),
(58, 58, 'Đảo hoang', 'Đảo Hoang: Ngược dòng thời gian, tác giả đưa ta về hoang đảo, nơi gia đình Mai Am Tiêm bị đày ải vì có ý coi thường ơn vua. Cuộc sống khó khăn nơi đây đã không khuất phục được những người con người khoáng đạt, tự do. Họ đã khai phá, tạo dựng nên những bãi bờ trù phú và đã tìm được một loại quả lạ, vỏ xanh, ruột đỏ, ngon ngọt mà ngày nay gọi là Dưa Hấu.\r\n\r\nÝ chí của gia đình Mai An Tiêm là ý chí của những con người gan góc, dũng cảm trước thiên nhiên khốc liệt.\r\n\r\nBằng cảm xúc lãng mạn và bút pháp tài nghệ, nhà văn Tô Hoài đã thể hiện rất sinh động cuộc sống, tình cảm của con người trên Đảo Hoang....\r\n', 'normal', 3, 'daohoang.jpg', '', '', '', 'vnđ', 45000, 0x323031362d30352d33312030383a30303a3030),
(59, 59, 'Quê người', 'Quê Người là cảnh quê hương bị chiếm đóng. Những con người hiền lành chất phác của vùng quê ấy phải sống trong cảnh khốn đốn khi cái nghèo đói bủa vây.\r\n\r\nDường như với bất kỳ tác phẩm nào của mình đã xuất bản, nhà văn cũng luôn cẩn trọng đọc lại và chỉnh sửa những chi tiết chưa hài lòng. Như chính lời con trai của Cụ, nhà báo Nguyễn Phương Vũ, chia sẻ: “Đã từ lâu từ khi cầm bút bố tôi là người cẩn thận và luôn có trách nhiệm với câu chữ nên mỗi bản in dù là in lại nhưng ông luôn đọc, cắt gọt, chỉnh sửa, “uốn nắn”, tỉ mẩn như người dệt vải. Khi ông trao lại cho tôi để xử lý nhập liệu với một bản thảo chi chít màu mực, chữ, từ, câu mà ông thêm bớt đan xen ngang dọc. Cha tôi là vậy, sự cẩn trọng, kỹ lưỡng trong nghề viết như mối nợ tình với ông.”..', 'normal', 3, 'quenguoi.jpg', '', '', '', 'VNĐ', 74000, 0x323031362d30352d33312031343a30303a3030),
(60, 60, 'Chiều chiều', 'Chiều chiều là câu chuyện kể ôn lại kỷ niệm của một con người đã đi dọc chiều dài lịch sử. Tô Hoài đưa chúng ta về một làng quê Bắc bộ với những câu chuyện từ “cải cách ruộng đất” rồi “sửa sai”, từ “thời bao cấp”, “làm hợp tác xã” đến “đổi mới sang kinh tế thị trường”… Cả một thời kỳ lịch sử đầy biến động hiện lên chân thực với bao số phận, bao cảm xúc buồn vui lẫn những điều oái ăm, ngang trái….\r\n\r\nĐọc Chiều chiều, ta thấy Tô Hoài như chính lão Ngải kia - ngày ngày vẫn ngồi bên bụi tre lép, bên ấm nước chè vò, mắt nhìn xa xăm, nhớ chuyện cũ, người xưa mặc thế thái nhân tình đổi thay…', 'normal', 3, 'chieuchieu.jpg', '', '', '', 'VNĐ', 103000, 0x323031362d30352d33312031333a30303a3030),
(61, 61, 'Vợ nhặt', 'Tập truyện ngắn “Vợ nhặt” tập hợp những truyện ngắn đặc sắc nhất của Kim Lân – một cây bút truyện ngắn vững vàng, viết về cuộc sống và con người ở nông thôn bằng tình cảm, tâm hồn của một người vốn là con đẻ của đồng ruộng...', 'normal', 3, 'vonhat.jpg', '', '', '', 'VNĐ', 45000, 0x323031362d30352d33312031313a30303a3030),
(62, 62, 'Tắt đèn', 'Tắt đèn là một trong những tác phẩm văn học tiêu biểu nhất của nhà văn Ngô Tất Tố (tiểu thuyết, in trên báo Việt nữ năm 1937). Đây là một tác phẩm văn học hiện thực phê phán với nội dung nói về cuộc sống khốn khổ của tầng lớp nông dân Việt Nam đầu thế kỉ 20 dưới ách đô hộ của thực dân Pháp. Tác phẩm xoanh quanh nhân vật chính là chị Dậu và gia đình – một điển hình của cuộc sống bần cùng hóa do sưu cao thuế nặng mà chế độ thực dân áp đặt lên xã hội Việt Nam. Tác phẩm này đã vạch trần bộ mặt tàn ... ', 'normal', 3, 'tatden.jpg', '', '', '', 'vnđ', 36000, 0x323031362d30352d33312031333a30303a3030),
(63, 63, 'Lối thoát tử thần', ' Thomas và các bạn đã làm mọi cách để có thể tồn tại trong một thế giới bị tàn phá do sự biến đổi khí hậu, nhưng trước mắt chúng vẫn còn một nguy cơ lớn nhất: con người. Những con người mù quáng vì tham vọng, điên cuồng vì hận thù và mất hết nhân tình vì virus Nhật trùng. Khi niềm tin ở con người không còn, liệu Thomas có chấp nhận hi sinh bản thân vì sự tồn vong của nhân loại? Lối thoát nào đang chờ đợi bọn trẻ sau quá nhiều đau thương và mất mát? Câu trả lời thật không dễ dàng…', 'normal', 20, 'loithoat.jpg', '', '', '', 'VNĐ', 85500, 0x323031362d30352d33312030393a30303a3030),
(64, 64, 'Thế Giới Thực', 'Giun Đất, một nam sinh trung học tự kỷ, khi các phép tắc và khuôn khổ đã vượt ngưỡng chịu đựng, bèn gây ra một vụ sát hại rồi lững thững đi trốn. Nhờ pháp luật không công khai tên thật và diện mạo của tội phạm vị thành niên, Giun Đất có thể an toàn đến khi nó muốn. Nó đánh cắp xe đạp và điện thoại của cô bé hàng xóm, giở danh bạ gọi cho các số ưu tiên, từ đó làm quen với nhóm bạn thân của cô. Và nhóm này, gồm bốn nữ sinh trung học, bằng những cách khác nhau đã tương trợ cho cuộc đào tẩu của Giun Đất.\r\n\r\n    Thế giới thực miêu tả hai thế giới: thế giới hiện thực nơi các nhân vật phải sống, và thế giới thực thụ nơi các nhân vật muốn sống. Những bộ đồng phục trung học hiền lành, phẳng phiu là phông nền cho cơn nổi loạn đó, một sự khủng hoảng mắc kẹt giữa hai thế giới. Xuyên qua sự rắn đặc của bóng tối bao trùm, tác phẩm, xét đến cùng, còn là một cuộc giải phẫu về hậu quả. Của hành động. Của cả không hành động...', 'normal', 20, 'thegioithuc.jpg', '', '', '', 'vnđ', 57600, 0x323031362d30352d33312030393a30303a3030),
(65, 65, 'Bóng ma ký ức', 'Libby Day chỉ mới 7 tuổi khi mẹ và hai chị gái bị sát hại đẫm máu trong “Cuộc hiến tế của quỷ Sa-tăng” tại Kinnakee, Kansas. Cô đã may mắn sống sót và trở nên nổi tiếng vì đã làm chứng chống lại người anh trai 15 tuổi, khẳng định Ben Day là kẻ xuống tay giết người.\r\n\r\nHai mươi lăm năm sau, khi câu lạc bộ Kill − một tổ chức xã hội ngầm bị ám ảnh bởi những vụ phạm tội khét tiếng – liên hệ được với Libby và dò hỏi cô những chi tiết của vụ án, hy vọng có được những chứng cứ chứng minh Ben vô tội. Libby đã ấp ủ những kế hoạch biến quá khứ bi thảm của gia đình cô thành một món hời để trang trải cho cuộc sống túng thiếu quanh năm của mình.\r\n\r\nCô lần tìm lại những người có liên quan đến vụ việc đêm hôm ấy, rồi thuật lại những gì tìm hiểu được với câu lạc bộ để kiếm về những khoản tiền lớn. Cuộc điều tra đã đưa Libby đi tới nhiều nơi từ những câu lạc bộ thoát y tồi tàn đến thành phố du lịch lỗi thời Oklahoma, gặp nhiều nhân vật đã bao năm nay cô không một phút giây nghĩ đến, tạo nên những câu chuyện đan xen các tình tiết giữa quá khứ, hiện tại.\r\n\r\nVà sự thật không thể tưởng tượng nổi đã dần hé lộ… Libby thấy mình quay trở về từ nơi cô xuất phát hai mươi lăm năm trước – trong cuộc trốn chạy khỏi kẻ giết người.', 'normal', 20, 'bongmakyuc.jpg', '', '', '', 'VNĐ', 111200, 0x323031362d30352d33312031323a30303a3030),
(66, 66, 'Cái Chết Của Cô Ca Sĩ Trẻ', '  Sách nằm trong loạt truyện trinh thám với nhiều tình tiết ly kỳ hấp dẫn của tác giả Nguyễn Thanh Hoàng, đã được chuyển thể thành phim Cảnh sát hình sự do VFC sản xuất.\r\n    Thông qua từng trang viết, người đọc sẽ gặp hết bất ngờ nầy đến bất ngờ khác, với những chuyên án tưởng chừng như đi vào ngõ cụt nhưng cuối cùng đã được khám phá nhờ sự suy luận sáng suốt của những người phá án.\r\n\r\n    Tập truyện sẽ mang đến cho người đọc những giây phút giải trí thật thú vị, cũng như giúp người đọc hiểu rõ hơn về công việc của những người công an hình sự, ngày đêm âm thầm vất vả bảo vệ sự an vui cho toàn xã hội. ', '', 20, 'caichetcasi.jpg', '', '', '', 'VNĐ', 19800, 0x323031362d30352d33312031343a30303a3030),
(67, 67, 'Bạch dạ hành', 'Kosuke, chủ một tiệm cầm đồ bị sát hại tại một ngôi nhà chưa hoàn công, một triệu yên mang theo người cũng bị cướp mất.\r\n\r\nSau đó một tháng, nghi can Fumiyo được cho rằng có quan hệ tình ái với nạn nhân và đã sát hại ông để cướp một triệu yên, cũng chết tại nhà riêng vì ngộ độc khí ga. Vụ án mạng ông chủ tiệm cầm đồ rơi vào bế tắc và bị bỏ xó.\r\n\r\nNhưng với hai đứa trẻ mười một tuổi, con trai nạn nhân và con gái nghi can, vụ án mạng năm ấy chưa bao giờ kết thúc. Sinh tồn và trưởng thành dưới bóng đen cái chết của bố mẹ, cho đến cuối đời, Ryoji vẫn luôn khao khát được một lần đi dưới ánh mặt trời, còn Yukiho cứ ra sức vẫy vùng rồi mãi mãi chìm vào đêm trắng.', 'normal', 20, 'bachdahanh.jpg', '', '', '', 'vnđ', 110400, 0x323031362d30352d33312030393a30303a3030),
(68, 68, 'Gulliver Du Ký', 'Chắc rằng chưa ai có những cuộc phiêu lưu kỳ thú như chàng bác sĩ - thuỷ thủ Guliver. Gặp bão, giạt vào xứ sở tí hon, rơi vào đất nước khổng lồ, lang thang trên đảo bác học, chia sẻ cuộc sống với những người - ngựa...mỗi trang viết đều đầy ắp sự kiện và yếu tố bất ngờ. Gulliver du ký đã được dịch ra hàng trăm thứ tiếng, được giới thiệu bằng sách, phim, bằng phim, bằng các đồ chơi lưu niệm... mấy trăm năm nay vẫn được hàng triệu triệu bạn đọc đón chào....', 'normal', 19, 'guliger.jpg', '', '', '', 'VNĐ', 71200, 0x323031362d30352d33312030383a30303a3030),
(69, 69, 'Frankenstein', '    Sau nhiều năm miệt mài nghiên cứu, anh đã nhào nặn ra một sự sống từ những vật liệu "sơ cấp". Một sinh vật khủng khiếp được thai nghén từ những phần khác nhau của xác chết vào một đêm kinh hoàng. Sản phẩm của Frankenstein! Một con quái vật! Gớm ghiếc, chưa hoàn thiện nhưng được trang bị sức mạnh siêu phàm và ý thức về nỗi cô đơn của mình. Từ thân phận lẽ ra là nô lệ, hắn trở thành ông chủ, quay lại trả thù chính người đã tạo ra mình. Hắn cần một sinh vật giống cái giống mình để cùng chung sống và trao đổi những tình cảm cần thiết cho sự tồn tại. Đối với Frankenstein, địa ngục mới chỉ bắt đầu....\r\n\r\n', 'normal', 19, 'frankenstein.jpg', '', '', '', 'vnđ', 60800, 0x323031362d30352d33312031303a30303a3030),
(70, 70, 'Cõi Âm Lạnh Lẽo', '“Lực không biết nên làm gì, muốn kêu cứu cũng không có sức nữa. Trong miệng cô ta lẩm bẩm cái gì đó, đột nhiên cô ta mở một nụ cười lạnh lùng, nham hiểm. Lực toát mồ hôi, mặc dù giờ là mùa đông....Đúng vào lúc, Lực tò mò nhìn chằm chằm cô ta, muốn biết cô ta đi ra từ đâu,  đột nhiên cô ta quay đầu lại, khuôn mặt đen thui cách Lực có 1m, mắt cô ta chỉ còn lại cái lỗ sâu hoắm, hai người họ nhìn nhau vài phút, cô ta nhếch mép cười, nụ cười khiến Lực tê lạnh sống lưng…” ...', 'normal', 19, 'coiamlanhleo.jpg', '', '', '', 'VNĐ', 16830, 0x323031362d30352d33312030383a30303a3030),
(71, 71, 'Người Mượn Hồn', ' ... Vừa nói, cô nàng vừa lấy ra một tờ giấy màu vàng, chữ viết đen, đưa ngay trước mặt bà Xuân Lan:\r\n\r\n    - Bà nhìn ra vật này phải không? Chính bà đã thuê tên tướng số ở Hong Kong để làm hại cha con tôi bấy lâu nay linh hồn không siêu thoát được, nhưng giờ đây tôi sẽ dùng nó để đốt và rắc lên đầu bà, bà biết tác dụng của nó như thế nào rồi chứ?\r\n\r\n    Bà Xuân Lan tái mặt, run lẩy bẩy:\r\n\r\n    - Xin tha... tha cho tôi. Tôi sẽ làm, sẽ làm...\r\n\r\n    Cô nàng rít lên, giọng người lạnh như băng:\r\n\r\n    - Bà rõ hơn ai hết, nếu giờ đây tôi đốt tờ giấy này thì bà sẽ lăn ra chết tức khắc! Bà hãy chọn đị, trả lại những gì lấy của tôi hay là chết?\r\n', 'normal', 19, 'nguoimuonhon.jpg', '', '', '', 'vnđ', 14850, 0x323031362d30352d33312030393a30303a3030),
(72, 72, 'Cuộc Tình Ma Quái', 'Chuyện tình khang và hạnh\r\nSự thật về hạnh\r\nOan hồn của hạnh...\r\n\r\nHồn ma xuất hiện\r\n\r\nNgày trở về của Khang\r\n\r\nMối tình liêu trai\r\n\r\nĐoạn kết của cuộc tình ma quái', 'normal', 19, 'CuocTinhMaQuai.jpg', '', '', '', 'VNĐ', 6000, 0x323031362d30352d33312030373a30303a3030),
(73, 73, 'Bà Chúa Đền Sải Cả', 'Giấc mộng trùng khơi\r\nNước mắt nàng tiên\r\nNgày trở về..\r\nĐoạn kết...', 'normal', 19, 'BaChuaDenSaiCa.jpg', '', '', '', 'vnđ', 3200, 0x323031362d30352d33312030393a30303a3030),
(74, 74, 'Đêm Sấm Sét', '    .... Tiếng hú lanh lảnh vang lên. Chiếc đầu lâu của một người con gái với mái tóc màu đen rối tung, tòn teng phía trước đầu là một bộ lòng người, đầy đủ gan tim, phèo phổi với màu đỏ đỏ bầm....\r\n    ........', 'normal', 19, 'DemSamSet.jpg', '', '', '', 'VNĐ', 11200, 0x323031362d30352d33312030373a30303a3030),
(75, 75, 'Bóng Sói', 'Truyện viễn tưởng của Trần Hồng Ngọc nằm trong tủ sách lâu đài xanh.', 'normal', 19, 'BOngSoi.jpg', '', '', '', 'vnđ', 12000, 0x323031362d30352d33312031353a30303a3030);
INSERT INTO `books` (`BOOK_ID`, `BOOK_NO`, `BOOK_NAME`, `BOOK_DESCRIPTION`, `STATUS`, `CATEGORY_ID`, `BOOK_IMAGE`, `BOOK_IMAGE_1`, `BOOK_IMAGE_2`, `BOOK_IMAGE_3`, `CURRENCY`, `BOOK_COST`, `DATE`) VALUES
(77, 77, 'Kế toán tài chính doanh nghiệp', 'Trong những năm qua, nền kinh tế Việt Nam đã có những biến đổi nhanh chóng và sâu sắc. Một mặt, sự phát triển mạnh mẽ của thị trường chứng khoán đã tạo nên kênh huy động thăng trầm của nền kinh tế thế giới và Việt Nam trong thời gian qua, đã làm cho nhiều doanh nghiệp nước ta làm ăn thua lỗ, không ít doanh nghiệp lâm vào tình trạng phá sản. Một trong những nguyên nhân dẫn đến tình hình. Đó là vai trò của công tác quản trị tài chính chưa được coi trọng và phát huy đúng mức. Trước bối cảnh đó, việc đổi mới nội dung giảng dạy bậc đại học môn học Tài chính doanh nghiệp để phù hợp và đáp ứng những đòi hỏi của nền kinh tế thị trường, cũng như các doanh nghiệp để phù hợp và đáp ứng những đòi hỏi của nền kinh tế thị trường, cũng như của các doanh nghiệp trong giai đoạn hiện nay là rất cần thiết. Việc biên soạn cuốn giáo trình “Tài chính doanh nghiệp” lần này nhằm mục đích đáp ứng các yêu cầu của thời kỳ đổi mới và phát triển kinh tế của đất nước, vừa phù hợp với việc đổi mới và phát triển kinh tế của đất nước, vừa phù hợp với việc đổi mới nội dung và chương trình đào tạo của Học viện Tài chính nhằm nâng cao chất lượng đào tạo cán bộ tài chính – kế toán cho nền kinh tế...', 'normal ', 4, 'kttaichinh.jpg', '', '', '', 'vnđ', 62000, 0x323031362d30362d33302030303a30303a3030),
(79, 79, 'Kế Toán Quản Trị', 'Cuốn sách sẽ từng bước dẫn dắt bạn xây dựng và duy trì kinh doanh trong sự nghiệp kinh doanh tiêu thụ thành công của chính bạn. v.v...\r\nCuốn sách dựa vào kinh nghiệm lâu năm của những người đã thành công trong việc kinh doanh tiêu thụ qua mạng, dùng phương thức đi sâu nhưng dễ hiểu để giới thiệu các nội dung có liên quan. Họ cũng từng là những người mới bắt đầu, do đó họ biết được cách làm thế nào cho có hiệu quả, cách làm thế nào là không được.\r\nv.v...\r\nXin trân trọng giới thiệu cuốn sách cùng bạn đọc.', 'normal ', 4, 'ktoan.jpg', '', '', '', 'vnđ', 80000, 0x323031362d30362d32392030303a30303a3030),
(80, 80, 'Bí Mật Triệu Đô', 'Những ý tưởng tốt để giúp chúng ta trên con đường thành công', 'normal', 7, 'bimat.jpg', '', '', '', 'vnđ ', 65000, 0x323031362d30362d32392030303a30303a3030),
(81, 81, 'Con Đường Dấn Đến Sự Giàu Có', 'Những ý tưởng tốt để giúp chúng ta trên con đường thành công', 'normal ', 7, 'conduong.jpg', '', '', '', 'vnđ', 57000, 0x323031362d30362d30392030303a30303a3030),
(82, 82, 'Đánh Cắp Ý Tưởng', 'Những ý tưởng tốt để giúp chúng ta trên con đường thành công', 'normal ', 7, 'danhcap.jpg', '', '', '', 'vnđ', 62000, 0x323031362d30362d32332030303a30303a3030),
(83, 83, 'Đừng Cố Gắng Bán Mà Giúp Khách Hàng Mua', 'Cuốn sách sẽ từng bước dẫn dắt bạn xây dựng và duy trì kinh doanh trong sự nghiệp kinh doanh tiêu thụ thành công của chính bạn. v.v...\r\nCuốn sách dựa vào kinh nghiệm lâu năm của những người đã thành công trong việc kinh doanh tiêu thụ qua mạng, dùng phương thức đi sâu nhưng dễ hiểu để giới thiệu các nội dung có liên quan. Họ cũng từng là những người mới bắt đầu, do đó họ biết được cách làm thế nào cho có hiệu quả, cách làm thế nào là không được.\r\nv.v...\r\nXin trân trọng giới thiệu cuốn sách cùng bạn đọc.', 'normal', 7, 'muaban.jpg', '', '', '', 'vnđ', 55000, 0x323031362d30362d32392030303a30303a3030),
(84, 84, 'Những Ông Trùm Tài Chính', 'Cuốn sách sẽ từng bước dẫn dắt bạn xây dựng và duy trì kinh doanh trong sự nghiệp kinh doanh tiêu thụ thành công của chính bạn. v.v...\r\nCuốn sách dựa vào kinh nghiệm lâu năm của những người đã thành công trong việc kinh doanh tiêu thụ qua mạng, dùng phương thức đi sâu nhưng dễ hiểu để giới thiệu các nội dung có liên quan. Họ cũng từng là những người mới bắt đầu, do đó họ biết được cách làm thế nào cho có hiệu quả, cách làm thế nào là không được.\r\nv.v...\r\nXin trân trọng giới thiệu cuốn sách cùng bạn đọc.', 'normal ', 7, 'ongtrum.jpg', '', '', '', 'vnđ', 62000, 0x323031362d30362d32332030303a30303a3030),
(85, 85, 'Tiền Không Phải Là Vấn Đề', 'Cuốn sách sẽ từng bước dẫn dắt bạn xây dựng và duy trì kinh doanh trong sự nghiệp kinh doanh tiêu thụ thành công của chính bạn. v.v...\r\nCuốn sách dựa vào kinh nghiệm lâu năm của những người đã thành công trong việc kinh doanh tiêu thụ qua mạng, dùng phương thức đi sâu nhưng dễ hiểu để giới thiệu các nội dung có liên quan. Họ cũng từng là những người mới bắt đầu, do đó họ biết được cách làm thế nào cho có hiệu quả, cách làm thế nào là không được.\r\nv.v...\r\nXin trân trọng giới thiệu cuốn sách cùng bạn đọc.', 'normal ', 7, 'tien.jpg', '', '', '', 'vnđ', 53000, 0x323031362d30362d32332030303a30303a3030),
(86, 86, 'Y Học Thường Thức Thời @', 'Y học là một lĩnh vực khoa học ứng dụng liên quan đến nghệ thuật chữa bệnh, bao gồm nhiều phương pháp chăm sóc sức khỏe nhằm duy trì, hồi phục cơ thể từ việc phòng ngừa và chữa bệnh.\r\n\r\nY học hiện đại ứng dụng các kiến thức khoa học sức khỏe, nghiên cứu về y sinh học và công nghệ y học để chẩn đoán và chữa trị bệnh tật thông qua thuốc men, phẫu thuật hoặc bằng nhiều phương pháp trị liệu phong phú khác. Từ "y học" trong tiếng Anh là "medicine" có nguồn gốc từ tiếng Latin là "ars medicina", nghĩa là "nghệ thuật chữa bệnh".[1][2]\r\n\r\nDù công nghệ y học cũng như sự chuyên môn hóa ngành y đã phát triển thành trụ cột nền y học hiện đại nhưng vì phương pháp chữa trị trực tiếp giữa bác sĩ và bệnh nhân vẫn hiệu quả giúp giảm thiểu đau bệnh nên chúng cần tiếp tục thực hiện, thông qua việc quan tâm đến cảm xúc cũng như lòng trắc ẩn nói chung của con người... Chúng ta sẽ tìm hiểu thêm qua sách.', 'normal ', 8, '@.jpg', '', '', '', 'vnđ', 62000, 0x323031362d30362d30392030303a30303a3030),
(87, 87, 'Bách Khoa Y Học', 'Y học là một lĩnh vực khoa học ứng dụng liên quan đến nghệ thuật chữa bệnh, bao gồm nhiều phương pháp chăm sóc sức khỏe nhằm duy trì, hồi phục cơ thể từ việc phòng ngừa và chữa bệnh.\r\n\r\nY học hiện đại ứng dụng các kiến thức khoa học sức khỏe, nghiên cứu về y sinh học và công nghệ y học để chẩn đoán và chữa trị bệnh tật thông qua thuốc men, phẫu thuật hoặc bằng nhiều phương pháp trị liệu phong phú khác. Từ "y học" trong tiếng Anh là "medicine" có nguồn gốc từ tiếng Latin là "ars medicina", nghĩa là "nghệ thuật chữa bệnh".[1][2]\r\n\r\nDù công nghệ y học cũng như sự chuyên môn hóa ngành y đã phát triển thành trụ cột nền y học hiện đại nhưng vì phương pháp chữa trị trực tiếp giữa bác sĩ và bệnh nhân vẫn hiệu quả giúp giảm thiểu đau bệnh nên chúng cần tiếp tục thực hiện, thông qua việc quan tâm đến cảm xúc cũng như lòng trắc ẩn nói chung của con người... Chúng ta sẽ tìm hiểu thêm qua sách.', 'normal ', 8, 'bachkhoa.jpg', '', '', '', 'vnđ', 50000, 0x323031362d30362d31352030303a30303a3030),
(88, 88, 'Y Học Thường Thức Trong Gia Đình', 'Y học là một lĩnh vực khoa học ứng dụng liên quan đến nghệ thuật chữa bệnh, bao gồm nhiều phương pháp chăm sóc sức khỏe nhằm duy trì, hồi phục cơ thể từ việc phòng ngừa và chữa bệnh.\r\n\r\nY học hiện đại ứng dụng các kiến thức khoa học sức khỏe, nghiên cứu về y sinh học và công nghệ y học để chẩn đoán và chữa trị bệnh tật thông qua thuốc men, phẫu thuật hoặc bằng nhiều phương pháp trị liệu phong phú khác. Từ "y học" trong tiếng Anh là "medicine" có nguồn gốc từ tiếng Latin là "ars medicina", nghĩa là "nghệ thuật chữa bệnh".[1][2]\r\n\r\nDù công nghệ y học cũng như sự chuyên môn hóa ngành y đã phát triển thành trụ cột nền y học hiện đại nhưng vì phương pháp chữa trị trực tiếp giữa bác sĩ và bệnh nhân vẫn hiệu quả giúp giảm thiểu đau bệnh nên chúng cần tiếp tục thực hiện, thông qua việc quan tâm đến cảm xúc cũng như lòng trắc ẩn nói chung của con người... Chúng ta sẽ tìm hiểu thêm qua sách.', 'normal ', 8, 'yhocgiadinh.jpg', '', '', '', 'vnđ', 70000, 0x323031362d30362d33302030303a30303a3030),
(89, 89, 'Y học hạt nhân', 'Y học là một lĩnh vực khoa học ứng dụng liên quan đến nghệ thuật chữa bệnh, bao gồm nhiều phương pháp chăm sóc sức khỏe nhằm duy trì, hồi phục cơ thể từ việc phòng ngừa và chữa bệnh.\r\n\r\nY học hiện đại ứng dụng các kiến thức khoa học sức khỏe, nghiên cứu về y sinh học và công nghệ y học để chẩn đoán và chữa trị bệnh tật thông qua thuốc men, phẫu thuật hoặc bằng nhiều phương pháp trị liệu phong phú khác. Từ "y học" trong tiếng Anh là "medicine" có nguồn gốc từ tiếng Latin là "ars medicina", nghĩa là "nghệ thuật chữa bệnh".[1][2]\r\n\r\nDù công nghệ y học cũng như sự chuyên môn hóa ngành y đã phát triển thành trụ cột nền y học hiện đại nhưng vì phương pháp chữa trị trực tiếp giữa bác sĩ và bệnh nhân vẫn hiệu quả giúp giảm thiểu đau bệnh nên chúng cần tiếp tục thực hiện, thông qua việc quan tâm đến cảm xúc cũng như lòng trắc ẩn nói chung của con người... Chúng ta sẽ tìm hiểu thêm qua sách.', 'normal ', 8, 'hatnhan.jpg', '', '', '', 'vnđ', 72000, 0x323031362d30362d31302030303a30303a3030),
(90, 90, 'Lý Luận Y Học Cổ Truyền', 'Y học là một lĩnh vực khoa học ứng dụng liên quan đến nghệ thuật chữa bệnh, bao gồm nhiều phương pháp chăm sóc sức khỏe nhằm duy trì, hồi phục cơ thể từ việc phòng ngừa và chữa bệnh.\r\n\r\nY học hiện đại ứng dụng các kiến thức khoa học sức khỏe, nghiên cứu về y sinh học và công nghệ y học để chẩn đoán và chữa trị bệnh tật thông qua thuốc men, phẫu thuật hoặc bằng nhiều phương pháp trị liệu phong phú khác. Từ "y học" trong tiếng Anh là "medicine" có nguồn gốc từ tiếng Latin là "ars medicina", nghĩa là "nghệ thuật chữa bệnh".[1][2]\r\n\r\nDù công nghệ y học cũng như sự chuyên môn hóa ngành y đã phát triển thành trụ cột nền y học hiện đại nhưng vì phương pháp chữa trị trực tiếp giữa bác sĩ và bệnh nhân vẫn hiệu quả giúp giảm thiểu đau bệnh nên chúng cần tiếp tục thực hiện, thông qua việc quan tâm đến cảm xúc cũng như lòng trắc ẩn nói chung của con người... Chúng ta sẽ tìm hiểu thêm qua sách.', 'normal ', 9, 'cotruyen.jpg', '', '', '', 'vnđ', 61000, 0x323031362d30362d33302030303a30303a3030),
(91, 91, 'Bệnh Học Và Điệu Trị Đông Y', 'Y học là một lĩnh vực khoa học ứng dụng liên quan đến nghệ thuật chữa bệnh, bao gồm nhiều phương pháp chăm sóc sức khỏe nhằm duy trì, hồi phục cơ thể từ việc phòng ngừa và chữa bệnh.\r\n\r\nY học hiện đại ứng dụng các kiến thức khoa học sức khỏe, nghiên cứu về y sinh học và công nghệ y học để chẩn đoán và chữa trị bệnh tật thông qua thuốc men, phẫu thuật hoặc bằng nhiều phương pháp trị liệu phong phú khác. Từ "y học" trong tiếng Anh là "medicine" có nguồn gốc từ tiếng Latin là "ars medicina", nghĩa là "nghệ thuật chữa bệnh".[1][2]\r\n\r\nDù công nghệ y học cũng như sự chuyên môn hóa ngành y đã phát triển thành trụ cột nền y học hiện đại nhưng vì phương pháp chữa trị trực tiếp giữa bác sĩ và bệnh nhân vẫn hiệu quả giúp giảm thiểu đau bệnh nên chúng cần tiếp tục thực hiện, thông qua việc quan tâm đến cảm xúc cũng như lòng trắc ẩn nói chung của con người... Chúng ta sẽ tìm hiểu thêm qua sách.', 'normal ', 9, 'dongy.jpg', '', '', '', 'vnđ', 55000, 0x323031362d30362d31352030303a30303a3030),
(92, 92, 'Y Học Gia Đình', 'Y học là một lĩnh vực khoa học ứng dụng liên quan đến nghệ thuật chữa bệnh, bao gồm nhiều phương pháp chăm sóc sức khỏe nhằm duy trì, hồi phục cơ thể từ việc phòng ngừa và chữa bệnh.\r\n\r\nY học hiện đại ứng dụng các kiến thức khoa học sức khỏe, nghiên cứu về y sinh học và công nghệ y học để chẩn đoán và chữa trị bệnh tật thông qua thuốc men, phẫu thuật hoặc bằng nhiều phương pháp trị liệu phong phú khác. Từ "y học" trong tiếng Anh là "medicine" có nguồn gốc từ tiếng Latin là "ars medicina", nghĩa là "nghệ thuật chữa bệnh".[1][2]\r\n\r\nDù công nghệ y học cũng như sự chuyên môn hóa ngành y đã phát triển thành trụ cột nền y học hiện đại nhưng vì phương pháp chữa trị trực tiếp giữa bác sĩ và bệnh nhân vẫn hiệu quả giúp giảm thiểu đau bệnh nên chúng cần tiếp tục thực hiện, thông qua việc quan tâm đến cảm xúc cũng như lòng trắc ẩn nói chung của con người... Chúng ta sẽ tìm hiểu thêm qua sách.', 'normal ', 9, 'giadinh.jpg', '', '', '', 'vnđ', 50000, 0x323031362d30362d32392030303a30303a3030),
(93, 93, 'Sổ Tay Lâm Sàng', 'Y học là một lĩnh vực khoa học ứng dụng liên quan đến nghệ thuật chữa bệnh, bao gồm nhiều phương pháp chăm sóc sức khỏe nhằm duy trì, hồi phục cơ thể từ việc phòng ngừa và chữa bệnh.\r\n\r\nY học hiện đại ứng dụng các kiến thức khoa học sức khỏe, nghiên cứu về y sinh học và công nghệ y học để chẩn đoán và chữa trị bệnh tật thông qua thuốc men, phẫu thuật hoặc bằng nhiều phương pháp trị liệu phong phú khác. Từ "y học" trong tiếng Anh là "medicine" có nguồn gốc từ tiếng Latin là "ars medicina", nghĩa là "nghệ thuật chữa bệnh".[1][2]\r\n\r\nDù công nghệ y học cũng như sự chuyên môn hóa ngành y đã phát triển thành trụ cột nền y học hiện đại nhưng vì phương pháp chữa trị trực tiếp giữa bác sĩ và bệnh nhân vẫn hiệu quả giúp giảm thiểu đau bệnh nên chúng cần tiếp tục thực hiện, thông qua việc quan tâm đến cảm xúc cũng như lòng trắc ẩn nói chung của con người... Chúng ta sẽ tìm hiểu thêm qua sách.', 'normal ', 9, 'lamsang.jpg', '', '', '', 'vnđ', 52000, 0x323031362d30362d32312030303a30303a3030),
(94, 94, 'Bài Giảng Y Học Cổ Truyền ', 'Y học là một lĩnh vực khoa học ứng dụng liên quan đến nghệ thuật chữa bệnh, bao gồm nhiều phương pháp chăm sóc sức khỏe nhằm duy trì, hồi phục cơ thể từ việc phòng ngừa và chữa bệnh.\r\n\r\nY học hiện đại ứng dụng các kiến thức khoa học sức khỏe, nghiên cứu về y sinh học và công nghệ y học để chẩn đoán và chữa trị bệnh tật thông qua thuốc men, phẫu thuật hoặc bằng nhiều phương pháp trị liệu phong phú khác. Từ "y học" trong tiếng Anh là "medicine" có nguồn gốc từ tiếng Latin là "ars medicina", nghĩa là "nghệ thuật chữa bệnh".[1][2]\r\n\r\nDù công nghệ y học cũng như sự chuyên môn hóa ngành y đã phát triển thành trụ cột nền y học hiện đại nhưng vì phương pháp chữa trị trực tiếp giữa bác sĩ và bệnh nhân vẫn hiệu quả giúp giảm thiểu đau bệnh nên chúng cần tiếp tục thực hiện, thông qua việc quan tâm đến cảm xúc cũng như lòng trắc ẩn nói chung của con người... Chúng ta sẽ tìm hiểu thêm qua sách.', 'normal ', 9, 'yhoc.jpg', '', '', '', 'vnđ', 51000, 0x323031362d30362d32332030303a30303a3030),
(95, 95, '11 Ngày ', 'Y học là một lĩnh vực khoa học ứng dụng liên quan đến nghệ thuật chữa bệnh, bao gồm nhiều phương pháp chăm sóc sức khỏe nhằm duy trì, hồi phục cơ thể từ việc phòng ngừa và chữa bệnh.\r\n\r\nY học hiện đại ứng dụng các kiến thức khoa học sức khỏe, nghiên cứu về y sinh học và công nghệ y học để chẩn đoán và chữa trị bệnh tật thông qua thuốc men, phẫu thuật hoặc bằng nhiều phương pháp trị liệu phong phú khác. Từ "y học" trong tiếng Anh là "medicine" có nguồn gốc từ tiếng Latin là "ars medicina", nghĩa là "nghệ thuật chữa bệnh".[1][2]\r\n\r\nDù công nghệ y học cũng như sự chuyên môn hóa ngành y đã phát triển thành trụ cột nền y học hiện đại nhưng vì phương pháp chữa trị trực tiếp giữa bác sĩ và bệnh nhân vẫn hiệu quả giúp giảm thiểu đau bệnh nên chúng cần tiếp tục thực hiện, thông qua việc quan tâm đến cảm xúc cũng như lòng trắc ẩn nói chung của con người... Chúng ta sẽ tìm hiểu thêm qua sách.', 'normal ', 9, 'ykhoa.jpg', '', '', '', 'vnđ', 52000, 0x323031362d30362d31362030303a30303a3030),
(96, 96, 'Ngữ Pháp Tiếng Anh', 'Xu hướng hiện đại hóa kinh tế hóa của thế giới cần đòi hỏi chúng ta về kiến thức và nên kĩ năng trong đó không thể thiếu là ngôn ngữ, ngôn ngữ giúp chúng ta có thể giao tiếp qua lại với nhau...', 'normal ', 10, 'nguphaptienganh.jpg', '', '', '', 'vnđ', 78000, 0x323031362d30362d31342030303a30303a3030),
(97, 97, '300 Từ Vựng Tiếng Anh', 'Xu hướng hiện đại hóa kinh tế hóa của thế giới cần đòi hỏi chúng ta về kiến thức và nên kĩ năng trong đó không thể thiếu là ngôn ngữ, ngôn ngữ giúp chúng ta có thể giao tiếp qua lại với nhau...', 'normal ', 10, '300.jpg', '', '', '', 'vnđ', 80000, 0x323031362d30362d32312030303a30303a3030),
(98, 98, 'Bài Tập Thành Ngữ Tiếng Anh', 'Xu hướng hiện đại hóa kinh tế hóa của thế giới cần đòi hỏi chúng ta về kiến thức và nên kĩ năng trong đó không thể thiếu là ngôn ngữ, ngôn ngữ giúp chúng ta có thể giao tiếp qua lại với nhau...', 'normal ', 10, 'baitap.jpg', '', '', '', 'vnđ', 75000, 0x323031362d30362d33302030303a30303a3030),
(99, 99, 'Ngữ Pháp Tiếng Anh', 'Xu hướng hiện đại hóa kinh tế hóa của thế giới cần đòi hỏi chúng ta về kiến thức và nên kĩ năng trong đó không thể thiếu là ngôn ngữ, ngôn ngữ giúp chúng ta có thể giao tiếp qua lại với nhau...', 'normal ', 10, 'nguphapcanban.jpg', '', '', '', 'vnđ', 72000, 0x323031362d30362d32392030303a30303a3030),
(100, 100, 'Tự Học Đàm Thoại Tiếng Anh', 'Xu hướng hiện đại hóa kinh tế hóa của thế giới cần đòi hỏi chúng ta về kiến thức và nên kĩ năng trong đó không thể thiếu là ngôn ngữ, ngôn ngữ giúp chúng ta có thể giao tiếp qua lại với nhau...', 'normal ', 10, 'captoc.jpg', '', '', '', 'vnđ', 70000, 0x323031362d30362d32392030303a30303a3030),
(101, 101, 'Bộ Sưu Tập Ngữ Pháp Tiếng Anh', 'Xu hướng hiện đại hóa kinh tế hóa của thế giới cần đòi hỏi chúng ta về kiến thức và nên kĩ năng trong đó không thể thiếu là ngôn ngữ, ngôn ngữ giúp chúng ta có thể giao tiếp qua lại với nhau...', 'normal ', 10, 'hiendai.jpg', '', '', '', 'vnđ', 71000, 0x303030302d30302d30302030303a30303a3030),
(102, 102, 'Tự Học Tiếng Nhật', 'Xu hướng hiện đại hóa kinh tế hóa của thế giới cần đòi hỏi chúng ta về kiến thức và nên kĩ năng trong đó không thể thiếu là ngôn ngữ, ngôn ngữ giúp chúng ta có thể giao tiếp qua lại với nhau...', 'normal ', 11, '30ngay.jpg', '', '', '', 'vnđ', 72000, 0x323031362d30362d32322030303a30303a3030),
(103, 103, '1800 Câu Đàm Thoại', 'Xu hướng hiện đại hóa kinh tế hóa của thế giới cần đòi hỏi chúng ta về kiến thức và nên kĩ năng trong đó không thể thiếu là ngôn ngữ, ngôn ngữ giúp chúng ta có thể giao tiếp qua lại với nhau...', 'normal ', 11, '1800.jpg', '', '', '', 'vnđ', 72000, 0x323031362d30362d32312030303a30303a3030),
(104, 104, '4500 Câu Giao Tiếp', 'Xu hướng hiện đại hóa kinh tế hóa của thế giới cần đòi hỏi chúng ta về kiến thức và nên kĩ năng trong đó không thể thiếu là ngôn ngữ, ngôn ngữ giúp chúng ta có thể giao tiếp qua lại với nhau...', 'normal ', 11, '4500.jpg', '', '', '', 'vnđ', 65000, 0x323031362d30362d32322030303a30303a3030),
(105, 105, 'Ngữ Pháp Tiếng Nhật Căn Bản', 'Xu hướng hiện đại hóa kinh tế hóa của thế giới cần đòi hỏi chúng ta về kiến thức và nên kĩ năng trong đó không thể thiếu là ngôn ngữ, ngôn ngữ giúp chúng ta có thể giao tiếp qua lại với nhau...', 'normal ', 11, 'nguphap.jpg', '', '', '', 'vnđ', 71000, 0x323031362d30362d33302030303a30303a3030),
(106, 106, 'Tiếng Nhật Sơ Cấp', 'Xu hướng hiện đại hóa kinh tế hóa của thế giới cần đòi hỏi chúng ta về kiến thức và nên kĩ năng trong đó không thể thiếu là ngôn ngữ, ngôn ngữ giúp chúng ta có thể giao tiếp qua lại với nhau...', 'normal ', 11, 'socap.jpg', '', '', '', 'vnđ', 69000, 0x323031362d30362d31352030303a30303a3030),
(107, 107, 'Tiếng Nhật Cho Mọi Người', 'Xu hướng hiện đại hóa kinh tế hóa của thế giới cần đòi hỏi chúng ta về kiến thức và nên kĩ năng trong đó không thể thiếu là ngôn ngữ, ngôn ngữ giúp chúng ta có thể giao tiếp qua lại với nhau...', 'normal ', 11, 'tiengnhat.jpg', '', '', '', 'vnđ', 69000, 0x323031362d30362d32322030303a30303a3030),
(108, 108, 'Tự Học Tiếng Hàn', ' Cuốn Tự Học Tiếng Hàn Dành Cho Người Mới Bắt Đầu là một giáo trình thật sự cần thiết và hữu ích cho bạn đọc với rất nhiều ưu điểm nổi bật. Đây là cuốn sách đầu tiên dành cho người mới làm quen với tiếng Hàn và được hệ thống theo các chủ đề, xen kẽ là các ngữ pháp căn bản để người học có thể nắm bắt một cách dễ dàng. Bên cạnh đó, còn có phiên âm theo âm chuẩn và âm bồi tiếng Việt để người Việt dễ tiếp cận hơn. Cuốn sách sẽ giúp ích cho tất cả các bạn đang học, nghiên cứu và đam mê văn hóa Hàn Quốc (phim ảnh, ca nhạc...) có thể sử dụng, nghiên cứu và học một cách nhanh nhất...', 'normal ', 12, 'batdau.jpg', '', '', '', 'vnđ', 70000, 0x323031362d30362d32392030303a30303a3030),
(109, 109, 'Tiếng Hàn Dành Cho Người Việt', 'Xu hướng hiện đại hóa kinh tế hóa của thế giới cần đòi hỏi chúng ta về kiến thức và nên kĩ năng trong đó không thể thiếu là ngôn ngữ, ngôn ngữ giúp chúng ta có thể giao tiếp qua lại với nhau...', 'normal ', 12, 'nguoiviet.jpg', '', '', '', 'vnđ', 70000, 0x323031362d30362d31332030303a30303a3030),
(110, 110, 'Ngữ Pháp Tiếng Hàn', 'Xu hướng hiện đại hóa kinh tế hóa của thế giới cần đòi hỏi chúng ta về kiến thức và nên kĩ năng trong đó không thể thiếu là ngôn ngữ, ngôn ngữ giúp chúng ta có thể giao tiếp qua lại với nhau...', 'normal ', 12, 'nguphaptienghan.jpg', '', '', '', 'vnđ', 65000, 0x323031362d30362d32302030303a30303a3030),
(111, 111, 'Ngữ Pháp Tiếng Hàn', 'Xu hướng hiện đại hóa kinh tế hóa của thế giới cần đòi hỏi chúng ta về kiến thức và nên kĩ năng trong đó không thể thiếu là ngôn ngữ, ngôn ngữ giúp chúng ta có thể giao tiếp qua lại với nhau...', 'normal ', 12, 'nguphap1.jpg', '', '', '', 'vnđ', 62000, 0x303030302d30302d30302030303a30303a3030),
(112, 112, 'Hướng dẫn tự Học Tiếng Hàn', ' Cuốn Hướng dẫn Tự Học Tiếng Hàn là một giáo trình thật sự cần thiết và hữu ích cho bạn đọc với rất nhiều ưu điểm nổi bật.\r\nĐây là cuốn sách đầu tiên dành cho người mới làm quen với tiếng Hàn và được hệ thống theo các chủ đề, xen kẽ là các ngữ pháp căn bản để người học có thể nắm bắt một cách dễ dàng. Bên cạnh đó, còn có phiên âm theo âm chuẩn và âm bồi tiếng Việt để người Việt dễ tiếp cận hơn.\r\n \r\nCuốn sách sẽ giúp ích cho tất cả các bạn đang học, nghiên cứu và đam mê văn hóa Hàn Quốc (phim ảnh, ca nhạc...) có thể sử dụng, nghiên cứu và học một cách nhanh nhất...', 'normal ', 12, 'tuhoc.jpg', '', '', '', 'vnđ', 80000, 0x323031362d30362d32392030303a30303a3030),
(113, 113, 'Từ Điển Ngữ Pháp Tiếng Hàn', 'Xu hướng hiện đại hóa kinh tế hóa của thế giới cần đòi hỏi chúng ta về kiến thức và nên kĩ năng trong đó không thể thiếu là ngôn ngữ, ngôn ngữ giúp chúng ta có thể giao tiếp qua lại với nhau...', 'normal ', 12, 'tudientienghan.jpg', '', '', '', 'vnđ', 78000, 0x323031362d30362d32332030303a30303a3030),
(114, 114, '60 Món Ăn Cua Cá Mực', '60 món ăn từ các loại hản sản như cá,cua,mực giành cho các chị em vào bếp.', 'normal ', 13, '60.jpg', '', '', '', 'vnđ', 52000, 0x323031362d30362d30392030303a30303a3030),
(115, 115, '100 Món ngon dễ làm', 'Chúng ta thường băn khoăn trước mỗi bữa ăn tối cho gia đình sau một ngày làm việc. Phải nấu món gì để vừa ngon, vừa bổ, vừa nhanh? Cuốn “100 món ngon dễ làm” sẽ cung cấp giải pháp cho tình cảnh này.\r\n\r\n100 công thức nấu nướng nhanh gọn, dễ làm sẽ giúp bạn có được những món ngon tùy chọn mà không quá nhọc nhằn. Giá trị của bất cứ món ăn nào dĩ nhiên phụ thuộc vào khẩu vị....', 'normal ', 13, '212mon.jpg', '', '', '', 'vnđ', 62000, 0x323031362d30362d32322030303a30303a3030),
(116, 116, 'Nấu Ăn Chay', 'Hướng dẫn các món ăn chay cho các chị em nội trợ', 'normal ', 13, 'anchay.jpg', '', '', '', 'vnđ', 60000, 0x323031362d30362d31352030303a30303a3030),
(117, 117, 'Món Ăn Việt Helen', 'Cùng helen vào bếp nha các chị em nội trợ.', 'normal', 13, 'helen.jpg', '', '', '', 'vnđ', 7000, 0x323031362d30362d32382030303a30303a3030),
(118, 118, 'Đậm đà hương vị món Thái', 'Hướng dẫn các chị em làm món ăn thái đơn giản và ngon', 'normal ', 13, 'monthai.jpg', '', '', '', 'vnđ', 70000, 0x323031362d30362d31352030303a30303a3030),
(119, 119, 'Nấu Ăn Gia Đình miền Trung', 'Hướng dẫn các món ăn cho gia đình nhỏ của các chị em nội trợ', 'normal ', 13, 'naugd.jpg', '', '', '', 'vnđ', 62000, 0x323031362d30362d32332030303a30303a3030),
(120, 120, 'Lý Thuyết Âm Nhạc Cơ Bản', 'Dành cho những người đam mê âm nhạc.\r\n', 'normal ', 14, 'amnhacoban.jpg', '', '', '', 'vnđ', 112000, 0x323031362d30362d32322030303a30303a3030),
(121, 121, 'Âm Nhạc Dành Cho Trẻ Em', 'Dành cho các bé có sở thích và đam mê học nhạc', 'normal ', 14, 'danhchotreem.jpg', '', '', '', 'vnđ', 110000, 0x323031362d30362d31352030303a30303a3030),
(122, 122, 'Phương Pháp Học Ghi Ta', 'Dành cho những người đam mê học ghita.', 'normal ', 14, 'hocghita.jpg', '', '', '', 'vnđ', 110000, 0x323031362d30362d31362030303a30303a3030),
(123, 123, 'Nhạc Lý Cơ Bản', 'Hướng dẫn tất cả các phương pháp cơ bản cho người mới bắt đầu học nhạc', 'normal ', 14, 'nhaclycb.jpg', '', '', '', 'vnđ', 110000, 0x323031362d30362d31342030303a30303a3030),
(124, 124, 'Organ Điện Tử', 'Dành cho các bạn đam mê organ điện tử', 'normal ', 14, 'organ.jpg', '', '', '', 'vnđ', 150000, 0x323031362d30362d31352030303a30303a3030),
(125, 125, 'Thuật Ngữ Âm Nhạc', 'Hướng dẫn tất cả các thuật ngữ về âm nhạc', 'new', 14, 'thuatngu.jpg', '', '', '', 'vnđ', 120000, 0x323031362d30362d32322030303a30303a3030),
(126, 126, 'Non nước VN 63 tỉnh thành', 'Tuyển tập các địa điểm du lịch cho đẹp và sang trọng bậc nhât việt nam', 'normal ', 15, '63tinhthanh.jpg', '', '', '', 'vnđ', 64000, 0x323031362d30362d32332030303a30303a3030),
(127, 127, 'Địa Lý Du Lịch Việt Nam', 'Giúp chúng ta có thể hiểu rõ hơn về những địa danh mà chúng ta muốn khám phá.', 'normal ', 15, 'dialy.jpg', '', '', '', 'vnđ', 60000, 0x323031362d30362d31352030303a30303a3030),
(128, 128, 'Du Lịch Việt Nam', 'Tuyển tập những địa danh du lịch của việt nam.', 'normal ', 15, 'dulichvn.jpg', '', '', '', 'vnđ', 59000, 0x323031362d30362d32322030303a30303a3030),
(129, 129, 'Du Lịch Sinh Thái', '+ Việt Nam có tiềm năng lớn để phát triển Du lịc sinh thái.\r\n+ Theo đánh giá của Hiệp Hội Du Lịch Châu Á - Thái Bình Dương (PATA) Du lịch sinh thái đang có chiều hướng phát triển và trở thành một bộ phận có tốc độ tăng trưởng mạnh nhất về tỷ trọng trong ngành du lịch.\r\n+ Nơi nào còn giữ được nhiều khu thiên nhiên tự nhiên, có được sự cân bằng sinh thái thì nnơi đó sẽ có tiềm năng phát triển tốt về du lịch sinh thái và thu hút được nguồn khách du lịch...\r\n+ Du lịch sinh thái là loại hình du lịch dựa vào thiên nhiên và văn hoá bản địa, gắn với giáo dục môi trường, có đóng góp cho nỗ lực bảo tốn và phát triển bền vững với sự tham gia tích cực của cộng đồng địa phương...', 'normal ', 15, 'sinhthai.jpg', '', '', '', 'vnđ', 61000, 0x323031362d30362d31302030303a30303a3030),
(130, 130, 'Du Lịch Tâm Linh', 'Tuyển tập những địa danh du lịch cho những người tin tưởng vào phật vào chúa...', 'normal ', 15, 'tamlinh.jpg', '', '', '', 'vnđ', 70000, 0x323031362d30362d32312030303a30303a3030),
(131, 131, 'Di sản thế giới ở Việt Nam', 'Với mong muốn giới thiệu vẻ đẹp cũng như các giá trị đặc sắc của những di sản Việt Nam đã được UNESCO công nhận là di sản thế giới, Trung tâm Thông tin du lịch (Tổng cục Du lịch) xuất bản cuốn sách Di sản thế giới ở Việt Nam (tiếng Việt).  \r\n\r\nCuốn sách được thiết kế đẹp mắt, nội dung thông tin đầy đủ, phong phú, cùng nhiều hình ảnh minh họa sinh động, sơ đồ chỉ dẫn chi tiết cho từng điểm di sản sẽ giúp bạn đọc có cái nhìn tổng quan về các di sản thế giới ở Việt Nam.  \r\n- Sách dày 348 trang, khổ 13cm x 19cm', 'normal ', 15, 'thegioi.jpg', '', '', '', 'vnd', 129000, 0x323031362d30362d30362030303a30303a3030),
(132, 132, 'Thơ Văn Cao Bá Quát', 'Tuyển tập những bài thơ hay để lại tên tuổi Cao Bá Quát', 'normal ', 17, 'caobaquat.jpg', '', '', '', 'vnđ', 150000, 0x323031362d30362d32332030303a30303a3030),
(133, 133, 'Văn Thơ Hồ Chí Minh', 'Tuyển tập những bài thơ hay của Chỉ Tịch Hồ Chí Minh', 'normal', 17, 'hcm.jpg', '', '', '', 'vnđ', 175000, 0x323031362d30362d31342030303a30303a3030),
(134, 134, 'Thơ Văn Lý Trần', 'Những bài thơ để đời của Lý Trần', 'normal ', 17, 'lytran.jpg', '', '', '', 'vnđ', 182000, 0x323031362d30362d31342030303a30303a3030),
(135, 135, 'Thơ Văn Nguyễn Thượng Hiền', 'Những bài thơ hay đánh bóng tên tuổi của nhà thơ Nguyễn Thượng Hiền', 'normal ', 17, 'nguyenthuonghien.jpg', '', '', '', 'vnđ', 170000, 0x323031362d30362d32322030303a30303a3030),
(136, 136, 'Thơ Văn Phùng Khắc Hoan', 'Tuyển tập những bài thơ hay để đời của nhà thơ Phùng Khắc Hoan', 'normal ', 17, 'phungkhachoan.jpg', '', '', '', 'vnđ', 162000, 0x323031362d30362d32392030303a30303a3030),
(137, 137, 'Truyện Kiều', 'Truyện Kiều đã làm lên tên tuổi của Nguyễn Du', 'normal ', 17, 'truyenkieu.jpg', '', '', '', 'vnđ', 161000, 0x323031362d30362d32322030303a30303a3030),
(138, 138, 'Điều Kỳ Diệu Của Tình Yêu', 'Thời gian trôi qua, thời gian có thể thay đổi con người và vạn vật cùng với một vài điều bất tử, tình yêu thật sự luôn tồn tại và sống mãi trong tâm hồn chúng ta. Đúng vậy, “Tình Yêu” là một thứ gì đó rất trừu tượng và không ai có thể định nghĩa được rằng tình yêu là gì? Bởi lẽ tình yêu không có một định nghĩa nhất định, mỗi người có một cách yêu khác nhau, và thể hiện tình yêu của mình một cách khác với người mà họ yêu thương.\r\n\r\nĐiều đẹp nhất và kỳ diệu nhất trong cuộc sống chính là tình yêu – một tình cảm sâu sắc, lãng mạn và là nguồn động viên tinh thần mạnh mẽ nhất đối với bất kỳ ai và cũng là điều trăn trở, thao thức của mỗi chúng ta. Và theo thời gian, chúng ta từng nhận ra rằng cuộc sống không thể thiếu vắng tình yêu.', 'normal ', 18, 'dieukidieu.jpg', 'BiaSach4.jpg', '', '', 'vnđ', 241000, 0x323031362d30362d32332030303a30303a3030),
(139, 139, 'Tuổi Trẻ Không Bao Giờ Quay Đầu Lại', 'Trong cuộc sống của mỗi người, có những con đường đi qua không nhớ nổi tên, có những hành trình sẽ không bao giờ quên. Những năm tháng màu xanh như mây trên bầu trời và tự do bay lượn, đó là tuổi trẻ. Khi đã đi qua, ngoảnh đầu nhìn lại mới thấy đáng để nâng niu và trân trọng. Và những con đường ấy đã được trải nghiêm qua những câu chuyện rất đơn giản và đời thường trong “Tuổi trẻ không bao giờ quay lại”.\r\n\r\nVới những câu chuyện thật ý nghĩa và sâu lắng, nó như là những bước đệm cho những bạn trẻ mạnh mẽ bước tiếp trên những chặng đường phía trước đang chờ đón chúng ta. Hãy tin vào cuộc sống, dù cho có khó khăn nào đi nữa khi ta còn hy vọng, ước mơ thì hãy cứ bước tiếp. Bởi lẽ, sống là không chờ đợi hãy cháy hết mình với những đam mê, rồi đến một ngày nào đó khi chúng ta nhìn lại bạn phải cảm ơn cuộc đời, cuộc sống này đã cho bạn ở lại để trải nghiệm những âm vị của cuộc sống này mà bạn đã đi qua với biêt bao thăng trầm vui, buồn, sướng , khổ, đắng cay, ngọt ngào của cuộc sống.Và chính vì những điều đó bạn đã thành công, thành công với chính bản thân mình và với cuộc sống rằng bạn đã vượt qua và sống thật với cuộc sống đầy gai góc này.', 'normal ', 18, 'tuoitre.jpg', '', '', '', 'vnđ', 241000, 0x323031362d30362d32342030303a30303a3030),
(140, 140, 'Ngôi Nhà Ngủ Say', '“Ngôi nhà say ngủ” – Cuốn sách mọi trẻ em đều đòi đọc trước khi đi ngủ\r\n\r\nTrong một ngôi nhà đang say ngủ, có một chiếc giường ấm áp.\r\n\r\nTrên giường có một bà lão đang ngáy.\r\n\r\nNằm trên người bà lão là một chú bé đang mơ màng.\r\n\r\nNằm trên người chú bé là một chú chó đang gà gật.\r\n\r\nNằm trên người chú chó là một chú mèo đang lim dim.\r\n\r\nVà nằm trên người chú mèo là một chú chuột nhắt đang mơ ngủ.\r\n\r\nNhưng nằm trên người chú chuột nhắt lại là một chú bọ chét đang thao thức.\r\n\r\nCHỜ ĐÃ!\r\n\r\nCó một bất ngờ trong cuốn sách đang chờ được tiếp tục khám phá. Chuyện gì sắp xảy ra trong ngôi nhà say ngủ ấy. Mời các em cùng đón đọc những tình tiết vô cùng thú vị trong cuốn truyện cùng tên có tựa đề “Ngôi nhà say ngủ”.\r\n\r\nĐộc giả nhỏ tuổi và các bậc cha mẹ trên thế giới nói gì về cuốn truyện đặc biệt này?\r\n\r\n1. Năm sao là chưa đủ!!! Tôi đã từng là người bán sách, là thủ thư, làm mẹ và là tình nguyện viên đọc truyện và đây là cuốn sách thiếu nhi mà tôi yêu thích vô cùng khi đọc lên cho bọn trẻ. Cấp độ tăng tiến, tính dự đoán (là điều mà các bạn nhỏ rất thích) và hấp dẫn. Ngôi nhà say ngủ quá tuyệt vời... Hình minh họa tuyệt đẹp, chi tiết và còn rất hài hước nữa…\r\n\r\n2. Một cuốn sách tuyệt vời. Cậu con trai 3 tuổi của tôi chỉ thích cuốn này thôi. Mỗi khi nhớ ra cậu lại đòi đọc trước khi đi ngủ, và tôi chưa từng thấy chán khi đọc cuốn sách này cùng bé bởi vì nó quá dễ thương!!!\r\n\r\n3. Là một giáo viên tôi rất yêu cuốn sách này. Chính ngôn ngữ lặp lại và cốt truyện đơn giản chính là những yếu tố tuyệt vời nhất cho sự phát triển ngôn ngữ, giúp tăng vốn từ vựng và những kĩ năng như khả năng dự đoán.', 'normal', 18, 'ngoinha.jpg', '', '', '', 'vnđ', 50000, 0x323031362d30362d30392030303a30303a3030),
(141, 141, 'Chạm Ngõ Thiên Đường', 'Một hành trình đầy màu sắc văn hóa và các cung bậc cảm xúc trải dài từ vùng đất Thái Lan nhộn nhịp, Maldives mộng mơ, Bhutan yên bình đến Nepal khắc nghiệt. Những nền văn hóa đặc sắc, những món ăn truyền thống thú vị, những tập tục văn hóa lạ kì, cả những dải đất nhận được đặc ân của thiên nhiên đến những nơi bị thiên tai càn quét hiện lên thật sống động không chỉ mang lại cảm giác thú vị mới mẻ của người đã từng đi qua, mà còn là cảm giác thân thuộc, chân thật của người đã từng dừng lại vùng đất đó, và thấu hiểu rằng, đi không phải là khám phá thế giới, mà còn khám phá bản thân. Và đi, không chỉ là hành trình mà còn là những câu chuyện kể...\r\n\r\nMời bạn đón đọc', 'normal ', 18, 'chamngo.jpg', '', '', '', 'vnđ', 70000, 0x323031362d30362d31362030303a30303a3030),
(142, 142, 'Giáo Trình Nguyên Lý Kế Toán', 'Nội dung của cuốn sách này bao gồm việc trình bày và giải thích khái niệm, đối tượng của kế toán, các phương pháp kế toán được sử dụng để thu thập, xử lý, kiểm tra, ghi sổ, tổng hợp và cung cấp thông tin kinh tế tài chính cho người có nhu cầu sử dụng thông tin. Ngoài ra giáo trình cũng tóm tắt phương pháp thực hiện các công việc kế toán chủ yếu trong một doanh nghiệp thông qua nghiên cứu một số quy trình kế toán cơ bản....', 'normal', 4, 'nguyenlyKT.jpg', '', '', '', 'VNĐ', 45000, 0x323031362d30362d30312030383a30303a3030),
(143, 143, 'Kế Toán Tài Chính (S601)', '  Trong nghiệp vụ kế toán, ‘’’kế toán tài chính’’’ là việc ghi chép, phản ánh, tổng hợp số liệu, lập báo cáo tài chính phục vụ cho các nhu cầu thông tin cho các đối tượng bên ngoài đơn vị, doanh nghiệp là chính.\r\n\r\n    Các đơn vị bên ngoài cần thông tin này thường bao gồm các cổ đông, cơ quan chức năng như thuế, thanh tra…, các chủ nợ, ngân hàng… và chủ yếu phục vụ cho các nhu cầu quản lý vĩ mô.\r\n\r\n    Đây là cách phân loại kế toán theo nội dung, tính chất, mục đích cung cấp thông tin để đáp ứng nhu cầu sử dụng của các đối tượng kế toán trong nghiệp vụ kế toán....', 'normal', 4, 'KTtaichinh2.jpg', '', '', '', 'VNĐ', 70000, 0x323031362d30362d30312031323a30303a3030),
(144, 144, '26 Chuẩn Mực Kế Toán', '    Hệ thống các văn bản hướng dẫn thực hiện 26 chuẩn mực kế toán\r\n\r\n    Mời bạn đón đọc !\r\n\r\n', 'normal', 4, '26chuanmuckt.jpg', '', '', '', 'VNĐ', 123200, 0x323031362d30362d30312031313a30303a3030),
(145, 145, 'Kế Toán Quản Trị Nhà Hàng Khách Sạn', 'Các nguyên tắc cơ bản của kê toàn quản trị\r\n\r\nXây dựng các báo cáo tài chính trong nghành nhà hàng khách sạn\r\n\r\nPhân tích diễn dịch các báo cáo tài chính\r\n\r\nPhân tích các tỉ số tài chính của doanh nghiêp nhà hàng, khách sạn\r\n\r\nPhục vụ ra quyết định về phương án hoạt động kinh doanh điều chỉnh chi phí doanh thu, tao xuất sinh lợi cao, phù hợp đặc điểm ngành nhà hàng, khách sạn', 'normal', 4, 'qtkhachsan.jpg', '', '', '', 'VNĐ', 42400, 0x323031362d30362d30312031303a30303a3030),
(146, 146, 'Hướng Dẫn Làm Kế Toán Bằng Excel', 'Cuốn sách này sẽ giới thiệu đến bạn đọc những nội dung chính sau:\r\nPhần 1: Chế độ chứng từ và sổ kế toán đơn vị hành chính sự nghiệp\r\nPhần 2: Microsoft Excel 2002\r\nPhần 3: Hướng dẫn tổ chức chứng từ kế toán bằng Excel\r\nPhần 4: Hướng dẫn lập báo cáo tài chính bằng Excel\r\nPhần 5: Hướng dẫn sử dụng chương trình kế toán mẫu', 'normal', 4, 'huongdankt.jpg', '', '', '', 'vnđ', 80000, 0x323031362d30362d30312031333a30303a3030),
(147, 147, 'Mắt Mèo', 'Ngôi nhà đen với không khí u ám dường như tách biệt hẳn với bên ngoài. Ngôi nhà quá rộng và bí hiểm với những con mắt mèo được bố trí ngược trên các cánh cửa, những âm thanh kỳ quái giữa đêm khiến Vũ Nhi không bao giờ yên giấc...\r\n\r\nLà một trong những tiểu thuyết kinh dị ly kỳ của nhà văn viết tiểu thuyết kinh dị được yêu thích nhất tại Trung Quốc Sái Tuấn. Suốt bảy năm liền Sái Tuấn đều giữ được kỷ lục tiểu thuyết kinh dị Trung Quốc bán chạy nhất....', 'normal', 19, 'matmeo.jpg', '', '', '', 'VNĐ', 100000, 0x323031362d30362d30322030393a30303a3030),
(148, 148, '3 -1 = Mấy ???', '3 - 1 = Mấy là tiểu thuyết kinh dị tiếp theo của tác giả Chu Đức Đông ra mắt bạn đọc Việt Nam. Với những tình tiết ly kỳ, ma quái và rùng rợn, tiểu thuyết chắc chắn sẽ thu hút và ám ảnh người đọc.\r\nTrong tác phẩm có một tình tiết, người mẹ mang tam thai, nhưng có một đứa trẻ bị chết yểu ngay khi còn nằm trong bụng mẹ. Sau này, một trong hai đứa trẻ ra đời khỏe mạnh còn lại đã giết hại chính anh em ruột của mình rồi rạch bụng mẹ tự vẫn trong đó. Như vậy, câu hỏi lẽ ra phải là 3-3, sao lại là 3-1?...', 'Hot', 19, 'ma3-1.jpg', '', '', '', 'vnđ', 80000, 0x323031362d30352d31362031303a30303a3030),
(149, 149, 'Rừng Răng - Tay', 'Rừng Răng-Tay là một cuốn tiểu thuyết thuộc thể loại kinh dị. Mặc dù vậy, ngôi làng, đại dương, rừng rậm, các xơ và lũ thây ma sống, cả không gian và thời gian trong cuốn sách cũng chỉ là biểu tượng. Điều mà cuốn sách muốn nói chính là quan niệm sống, lý tưởng sống và con đường dẫn đến cuộc sống. Lý tưởng sống chật hẹp giống như tự khoanh vùng cho mình một không gian tù túng đến bức bối y như ngôi làng trong câu chuyện. Còn nếu trong lòng tràn ngập những con đường hút dài vô tận dù phải trải qua bao nhiêu trở ngại và định kiến thì con người vẫn có thể mở ra trước mắt mình một không gian bao la ngút ngát của đại dương...', 'normal', 19, 'rungrangtay.jpg', '', '', '', 'VNĐ', 54000, 0x323031362d30362d30322030393a30303a3030),
(150, 150, 'Đại Nam dị truyện', 'đây là một câu chuyện về thế giới của phù thủy, vong hồn, huyền thuật, nhưng như có người nhận xét: “Kinh dị, li kỳ, huyền bí nhưng cũng đầy hào sảng”.\r\nCuốn sách có mượn bối cảnh và các nhân vật lịch sử thời Lê Trung Hưng. Tác giả cho biết, ông đã bị cuốn vào tác phẩm “Lịch sử nội chiến ở Việt Nam (1771 – 1802)” của nhà sử học Tạ Chí Đại Trường. Ông đầy hứng thú với ý nghĩ đằng sau những sự kiện lịch sử là những con người bằng xương bằng thịt, có tính, có hồn, có thiện - ác chứ không vô tri vô cảm; ông bị hấp dẫn trước những điểm mờ của lịch sử… Ấy chính là “điểm tựa” để ông gây dựng cốt truyện cho “Đại Nam dị truyện”. Tác giả có lẽ đã rất thành thật khi chia sẻ: ““Đại Nam dị truyện” là một sự tổng hợp những yếu tố mà tôi cảm thấy hứng thú, đó là dã sử, tín ngưỡng dân gian và sự ly kỳ”...', 'normal', 19, 'dainamditruyen.jpg', '', '', '', 'vnđ', 45000, 0x323031362d30362d30322030393a30303a3030),
(151, 151, 'One Piece', 'One Piece là câu truyện kể về Luffy và các thuyền viên của mình. Khi còn nhỏ, Luffy ước mơ trở thành Vua Hải Tặc. Cuộc sống của cậu bé thay đổi khi cậu vô tình có được sức mạnh có thể co dãn như cao su, nhưng đổi lại, cậu không bao giờ có thể bơi được nữa. Giờ đây, Luffy cùng những người bạn hải tặc của mình ra khơi tìm kiếm kho báu One Piece, kho báu vĩ đại nhất trên thế giới. Trong One Piece, mỗi nhân vật trong đều mang một nét cá tính đặc sắc kết hợp cùng các tình huống kịch tính, lối dẫn truyện hấp dẫn chứa đầy các bước ngoặc bất ngờ và cũng vô cùng hài hước đã biến One Piece trở thành một trong những bộ truyện nổi tiếng nhất không thể bỏ qua.', 'normal', 1, 'onepiec.jpg', 'BiaSach1.jpg', '', '', 'VNĐ', 32000, 0x323031362d30362d30322031313a30303a3030),
(152, 152, 'Chạng vạng', 'Chạng vạng  là tên của một cuốn tiểu thuyết lãng mạn về ma cà rồng dành cho thanh niên của nhà văn Stephenie Meyer.\r\n  Nó là cuốn đầu tiên trong bộ truyện Chạng vạng, trong đó giới thiệu nhân vật cô gái trẻ Isabella Swan 17 tuổi chuyển từ Phoenix, Arizona đến sống tại Forks, Washington, và đối mặt với những nguy hiểm trong cuộc sống khi cô ngã lòng trước một ma cà rồng, Edward Cullen....', 'Hot', 18, 'changvang.jpg', '', '', '', 'vnđ', 150000, 0x323031362d30362d30322031303a30303a3030);
INSERT INTO `books` (`BOOK_ID`, `BOOK_NO`, `BOOK_NAME`, `BOOK_DESCRIPTION`, `STATUS`, `CATEGORY_ID`, `BOOK_IMAGE`, `BOOK_IMAGE_1`, `BOOK_IMAGE_2`, `BOOK_IMAGE_3`, `CURRENCY`, `BOOK_COST`, `DATE`) VALUES
(153, 153, 'Trăng non', 'Nối tiếp câu chuyện tình giữa người và ma cà rồng trong tập một Twilight, tập sách kinh dị thứ hai có tên New Moon đã được phát hành tại Việt Nam. Tựa sách Twilight (Chạng vạng) được bạn đọc đón nhận nồng nhiệt vào đầu năm nay là câu chuyện tình bất diệt giữa cô gái 17 tuổi - Isabella Swan, tên thường gọi là Bella - và Edward Cullen, một thành viên trong gia đình ma cà rồng. Sau lần chết hụt trở về, Bella và Eward càng thêm khăng khít, tưởng chừng chuyện tình trái ngang này không thể bị chia lìa. Thế nhưng, trong New Moon (bản dịch tiếng Việt là Trăng non), vì thấy mình luôn mang lại nguy hiểm cho người yêu, Edward đã đau đớn nói lời chia tay cô, cùng gia đình dọn đi xứ khác. Những ngày không có Edward bên cạnh, Bella chỉ là “thây ma biết thở”....', 'Hot', 18, 'trangnon.jpg', '', '', '', 'VNĐ', 150000, 0x323031362d30362d30322031303a30303a3030),
(154, 154, 'Nhật thực', 'Nhật thực - "Eclipse", tác phẩm mới nhất của nữ văn sĩ người Mỹ Stephenie Meyer.Đây là phần tiếp theo của Trăng Non - New Moon, Nàng là một cô gái tuổi “teen” (chính xác là 17 tuổi) ngọt ngào, tinh nghịch và nhí nhảnh. Trong khi chàng lại là ma cà rồng khát máu. Sự hòa trộn những tình tiết liên quan đến ma sói, một ít trải nghiệm cận kề cái chết thót tim, và cả những quy định hà khắc đến độc ác của ngôi trường cả hai đang theo học đã đưa đến kết quả là…..\r\n', 'Hot', 18, 'nhatthuc.jpg', '', '', '', 'vnđ', 132000, 0x323031362d30362d30322030393a30303a3030),
(155, 155, 'Hừng đông', 'Tập cuối cùng của bộ truyện Chạng Vạng - bộ truyện làm mưa làm gió trên thị trường Việt Nam và thế giới - sẽ mang đến cho độc giả những tình tiết bất ngờ và những kết quả không thể lường trước.\r\n\r\nMối tình trải muôn ngàn sóng gió của Edward - ma-cà-rồng nhưng tuyệt vời như một thiên sứ và Bella cuối cùng cũng đi đến hồi kết. Những diễn biến khốc liệt trong cuộc đời của Bella bắt đầu từ Chạng Vạng, chuyển sang Trăng Non, rồi sau đó đến Nhật Thực đã thực sự đan kết và quyện chặt vào nhau; liệu cuối cùng, tất cả có bị hủy hoại... hoàn toàn? Giữa muôn vàn những khó khăn đó, đôi vợ chồng son trẻ Edward và Bella phải xoay sở ra sao? Liệu tình yêu của họ vẫn có thể giữ được sự vững bền trước bằng ấy giông bão? ', 'Hot', 18, 'hungdong.jpg', '', '', '', 'VNĐ', 155000, 0x323031362d30362d30322031303a30303a3030);

-- --------------------------------------------------------

--
-- Table structure for table `categories`
--

CREATE TABLE IF NOT EXISTS `categories` (
`CATEGORY_ID` int(10) unsigned NOT NULL,
  `CATEGORY_NO` int(11) NOT NULL,
  `CATEGORY_NAME` varchar(100) COLLATE utf8_unicode_ci NOT NULL,
  `CATEGORY_DESCRIPTION` varchar(1000) COLLATE utf8_unicode_ci NOT NULL,
  `DATE` datetime NOT NULL
) ENGINE=InnoDB  DEFAULT CHARSET=utf8 COLLATE=utf8_unicode_ci AUTO_INCREMENT=21 ;

--
-- Dumping data for table `categories`
--

INSERT INTO `categories` (`CATEGORY_ID`, `CATEGORY_NO`, `CATEGORY_NAME`, `CATEGORY_DESCRIPTION`, `DATE`) VALUES
(1, 1, 'Truyện Tranh', '', 0x323031362d30352d32342030303a30303a3030),
(2, 2, 'Cổ Tích - Thần Thoại', '', 0x323031362d30352d32342030303a30303a3030),
(3, 3, 'Văn Học Việt Nam', '', 0x323031362d30352d32342030303a30303a3030),
(4, 4, 'Kế Toán', '', 0x323031362d30352d32342030303a30303a3030),
(6, 6, 'MARKETING', '', 0x323031362d30352d32342030303a30303a3030),
(7, 7, 'NGOẠI THƯƠNG', '', 0x323031362d30352d32342030303a30303a3030),
(8, 8, 'Y HỌC THƯỜNG THỨC', '', 0x323031362d30352d32342030303a30303a3030),
(9, 9, 'Y HỌC CỔ TRUYỀN', '', 0x323031362d30352d32342030303a30303a3030),
(10, 10, 'TIẾNG ANH', '', 0x323031362d30352d32342030303a30303a3030),
(11, 11, 'TIẾNG NHẬT', '', 0x323031362d30352d32342030303a30303a3030),
(12, 12, 'TIẾNG HÀN', '', 0x323031362d30352d32342030303a30303a3030),
(13, 13, 'NẤU ĂN', '', 0x323031362d30352d32342030303a30303a3030),
(14, 14, 'ÂM NHẠC', '', 0x323031362d30352d32342030303a30303a3030),
(15, 15, 'DU LỊCH', '', 0x323031362d30352d32342030303a30303a3030),
(16, 16, 'Quản Trị Kinh doanh', '', 0x323031362d30352d33302031363a30393a3033),
(17, 17, 'Thơ ca Dân gian', '', 0x323031362d30352d33312030393a30303a3030),
(18, 18, 'Truyện tiểu thuyết', '', 0x323031362d30352d33312031303a30303a3030),
(19, 19, 'Truyện Kinh Dị', '', 0x323031362d30352d33312030393a30303a3030),
(20, 20, 'Truyện Trinh thám - Vụ án', '', 0x323031362d30352d33312030383a31313a3030);

-- --------------------------------------------------------

--
-- Table structure for table `invoice_headers`
--

CREATE TABLE IF NOT EXISTS `invoice_headers` (
`INVOICE_HEADER_ID` int(10) unsigned NOT NULL,
  `INVOICE_HEADER_NO` int(11) NOT NULL,
  `INVOICE_HEADER_NAME` varchar(100) COLLATE utf8_unicode_ci NOT NULL,
  `USER_ID` int(11) NOT NULL,
  `PAYMENT_METHOD` varchar(20) COLLATE utf8_unicode_ci NOT NULL,
  `DATE` datetime NOT NULL,
  `TOTAL_QUANITY` int(11) NOT NULL,
  `TOTAL_COST` int(11) NOT NULL
) ENGINE=InnoDB DEFAULT CHARSET=utf8 COLLATE=utf8_unicode_ci AUTO_INCREMENT=1 ;

-- --------------------------------------------------------

--
-- Table structure for table `invoice_lines`
--

CREATE TABLE IF NOT EXISTS `invoice_lines` (
`INVOICE_LINE_ID` int(10) unsigned NOT NULL,
  `INVOICE_HEADER_ID` int(11) NOT NULL,
  `INVOICE_LINE_NO` int(11) NOT NULL,
  `INVOICE_LINE_NAME` varchar(100) COLLATE utf8_unicode_ci NOT NULL,
  `BOOK_ID` int(11) NOT NULL,
  `CURRENCY` varchar(10) COLLATE utf8_unicode_ci NOT NULL,
  `QUANITY` int(11) NOT NULL,
  `COST` int(11) NOT NULL,
  `LINE_COST` int(11) NOT NULL
) ENGINE=InnoDB DEFAULT CHARSET=utf8 COLLATE=utf8_unicode_ci AUTO_INCREMENT=1 ;

-- --------------------------------------------------------

--
-- Table structure for table `tracsactions`
--

CREATE TABLE IF NOT EXISTS `tracsactions` (
`TRANSACTION_ID` int(10) unsigned NOT NULL,
  `INVOICE_HEADER_ID` int(11) NOT NULL,
  `DATE` datetime NOT NULL,
  `QUANITY` int(11) NOT NULL,
  `BOOK_COST` int(11) NOT NULL,
  `SHIP_COST` int(11) NOT NULL,
  `SHIP_TO` varchar(500) COLLATE utf8_unicode_ci NOT NULL,
  `TRANSACTION_COST` int(11) NOT NULL,
  `TRANSACTION_TYPE` varchar(10) COLLATE utf8_unicode_ci NOT NULL
) ENGINE=InnoDB DEFAULT CHARSET=utf8 COLLATE=utf8_unicode_ci AUTO_INCREMENT=1 ;

-- --------------------------------------------------------

--
-- Table structure for table `users`
--

CREATE TABLE IF NOT EXISTS `users` (
`USERS` int(10) unsigned NOT NULL,
  `USERNAME` varchar(100) COLLATE utf8_unicode_ci NOT NULL,
  `PASSWORD` varchar(100) COLLATE utf8_unicode_ci NOT NULL,
  `USER_NO` int(11) NOT NULL,
  `USER_NAME` varchar(100) COLLATE utf8_unicode_ci NOT NULL,
  `USER_BIRTHDAY` date NOT NULL,
  `USER_SEX` varchar(5) COLLATE utf8_unicode_ci NOT NULL,
  `USER_ADDRESS` varchar(500) COLLATE utf8_unicode_ci NOT NULL,
  `USER_PHONE` int(11) NOT NULL,
  `USER_AGE` int(11) NOT NULL,
  `USER_EMAIL` varchar(500) COLLATE utf8_unicode_ci NOT NULL,
  `STATUS` varchar(10) COLLATE utf8_unicode_ci NOT NULL,
  `DATE` datetime NOT NULL
) ENGINE=InnoDB  DEFAULT CHARSET=utf8 COLLATE=utf8_unicode_ci AUTO_INCREMENT=9 ;

--
-- Dumping data for table `users`
--

INSERT INTO `users` (`USERS`, `USERNAME`, `PASSWORD`, `USER_NO`, `USER_NAME`, `USER_BIRTHDAY`, `USER_SEX`, `USER_ADDRESS`, `USER_PHONE`, `USER_AGE`, `USER_EMAIL`, `STATUS`, `DATE`) VALUES
(4, 'daobadat', '2f5c8d37a7f6987b4fc2471be23d1b20', 4, 'Đào Bá Đạt', 0x323031362d30352d3237, 'Nam', 'CMT8', 852178638, 21, 'dat@gmail.com', '', 0x323031362d30352d32372030303a30303a3030),
(7, 'nguyenthanhchuong', 'f99046da84746517a90cfe0b1b4abcef', 0, 'Nguyễn Thanh Chương', 0x303030302d30302d3030, '', 'Quan trung', 12345678, 0, 'ntcchuong@gmail.com', '', 0x303030302d30302d30302030303a30303a3030),
(8, 'nguyenthiaingoc', 'e10adc3949ba59abbe56e057f20f883e', 0, 'Nguyễn Thị Ái Ngọc', 0x303030302d30302d3030, '', 'Gò Vấp', 987654321, 0, 'nguyenthiaingoc@gmai', '', 0x303030302d30302d30302030303a30303a3030);

--
-- Indexes for dumped tables
--

--
-- Indexes for table `books`
--
ALTER TABLE `books`
 ADD PRIMARY KEY (`BOOK_ID`);

--
-- Indexes for table `categories`
--
ALTER TABLE `categories`
 ADD PRIMARY KEY (`CATEGORY_ID`);

--
-- Indexes for table `invoice_headers`
--
ALTER TABLE `invoice_headers`
 ADD PRIMARY KEY (`INVOICE_HEADER_ID`);

--
-- Indexes for table `invoice_lines`
--
ALTER TABLE `invoice_lines`
 ADD PRIMARY KEY (`INVOICE_LINE_ID`);

--
-- Indexes for table `tracsactions`
--
ALTER TABLE `tracsactions`
 ADD PRIMARY KEY (`TRANSACTION_ID`);

--
-- Indexes for table `users`
--
ALTER TABLE `users`
 ADD PRIMARY KEY (`USERS`);

--
-- AUTO_INCREMENT for dumped tables
--

--
-- AUTO_INCREMENT for table `books`
--
ALTER TABLE `books`
MODIFY `BOOK_ID` int(10) unsigned NOT NULL AUTO_INCREMENT,AUTO_INCREMENT=156;
--
-- AUTO_INCREMENT for table `categories`
--
ALTER TABLE `categories`
MODIFY `CATEGORY_ID` int(10) unsigned NOT NULL AUTO_INCREMENT,AUTO_INCREMENT=21;
--
-- AUTO_INCREMENT for table `invoice_headers`
--
ALTER TABLE `invoice_headers`
MODIFY `INVOICE_HEADER_ID` int(10) unsigned NOT NULL AUTO_INCREMENT;
--
-- AUTO_INCREMENT for table `invoice_lines`
--
ALTER TABLE `invoice_lines`
MODIFY `INVOICE_LINE_ID` int(10) unsigned NOT NULL AUTO_INCREMENT;
--
-- AUTO_INCREMENT for table `tracsactions`
--
ALTER TABLE `tracsactions`
MODIFY `TRANSACTION_ID` int(10) unsigned NOT NULL AUTO_INCREMENT;
--
-- AUTO_INCREMENT for table `users`
--
ALTER TABLE `users`
MODIFY `USERS` int(10) unsigned NOT NULL AUTO_INCREMENT,AUTO_INCREMENT=9;
/*!40101 SET CHARACTER_SET_CLIENT=@OLD_CHARACTER_SET_CLIENT */;
/*!40101 SET CHARACTER_SET_RESULTS=@OLD_CHARACTER_SET_RESULTS */;
/*!40101 SET COLLATION_CONNECTION=@OLD_COLLATION_CONNECTION */;
